Area Name,Area Type,Year,Labor Force,Employment,Unemployment,Unemployment Rate,Average Monthly Employment,Total Wages (All Workers),Average Weekly Wages,Establishments,Total Expenditures,Estimated Population,Expenditures Per Capita
California,State,2008.0,18179900.0,16856100.0,1323800.0,7.3,49887.5,1026585115.67,1002.42,4133.49,55531215307.0,37224937.0,118561.0
Alameda County,County,2008.0,756800.0,709600.0,47200.0,6.2,3753.33,87598898.76,1057.41,293.84,1944733831.0,1543000.0,1260.0
Alpine County,County,2008.0,470.0,420.0,50.0,10.5,90.47,1221728.72,655.82,8.55,16252352.0,1222.0,13300.0
Amador County,County,2008.0,17810.0,16430.0,1370.0,7.7,275.08,3943302.6,634.82,29.38,65445833.0,37943.0,1725.0
Butte County,County,2008.0,102900.0,94100.0,8700.0,8.5,745.64,9829321.03,664.24,85.19,337211352.0,220407.0,1530.0
Calaveras County,County,2008.0,20630.0,18840.0,1800.0,8.7,206.16,2538282.51,627.73,33.61,79546543.0,46127.0,1725.0
Colusa County,County,2008.0,10500.0,9050.0,1460.0,13.9,289.0,3769605.65,629.49,33.58,48570645.0,21910.0,2217.0
Contra Costa County,County,2008.0,524000.0,491300.0,32700.0,6.2,2310.57,51125555.37,1030.73,209.66,1887446238.0,1051674.0,1795.0
Del Norte County,County,2008.0,11370.0,10360.0,1010.0,8.8,287.38,3832862.38,598.66,27.96,56265599.0,29419.0,1913.0
El Dorado County,County,2008.0,90600.0,84300.0,6400.0,7.0,588.24,9232035.59,739.99,62.48,300573204.0,179722.0,1672.0
Fresno County,County,2008.0,429900.0,384400.0,45500.0,10.6,2353.64,33525625.65,747.01,171.7,1270148662.0,931098.0,1364.0
Glenn County,County,2008.0,12190.0,10910.0,1280.0,10.5,235.44,2981293.38,593.8,34.43,70367378.0,29195.0,2410.0
Humboldt County,County,2008.0,60000.0,55600.0,4400.0,7.3,539.38,7022537.42,644.8,63.69,226215726.0,132821.0,1703.0
Imperial County,County,2008.0,72500.0,56100.0,16400.0,22.6,759.6,9768163.97,673.75,72.96,247313372.0,176158.0,1404.0
Inyo County,County,2008.0,9090.0,8490.0,600.0,6.6,224.42,3074114.64,644.18,24.64,62011250.0,18152.0,3416.0
Kern County,County,2008.0,359300.0,323900.0,35400.0,9.9,2102.7,32930659.25,764.18,122.98,1526340679.0,817517.0,1867.0
Kings County,County,2008.0,58800.0,52500.0,6200.0,10.6,645.13,8777367.8,615.3,50.85,177741648.0,154434.0,1151.0
Lake County,County,2008.0,24540.0,21920.0,2620.0,10.7,297.9,3815314.37,586.31,50.42,117582534.0,64059.0,1836.0
Lassen County,County,2008.0,12830.0,11600.0,1230.0,9.6,277.87,4449180.21,641.82,22.65,59973473.0,35757.0,1677.0
Los Angeles County,County,2008.0,4923900.0,4553000.0,370900.0,7.5,16767.94,344280980.95,1013.71,1682.53,16100171140.0,10363850.0,1553.0
Madera County,County,2008.0,65100.0,58900.0,6200.0,9.5,661.82,8803808.43,632.98,54.5,180503001.0,150887.0,1196.0
Marin County,County,2008.0,132300.0,126000.0,6300.0,4.7,995.64,22245467.65,1077.91,110.45,448383574.0,257406.0,1742.0
Mariposa County,County,2008.0,9280.0,8580.0,700.0,7.6,251.05,2985929.83,635.81,21.85,50312681.0,18406.0,2733.0
Mendocino County,County,2008.0,43230.0,40240.0,2990.0,6.9,414.75,5370719.79,621.07,58.86,184573118.0,90163.0,2047.0
Merced County,County,2008.0,102200.0,89300.0,12900.0,12.7,875.83,11400893.88,603.02,71.38,370634095.0,255250.0,1452.0
Modoc County,County,2008.0,3940.0,3560.0,380.0,9.7,131.08,1684990.57,601.78,19.38,40172192.0,9702.0,4141.0
Mono County,County,2008.0,8610.0,8100.0,510.0,5.9,311.2,3807879.82,706.7,26.53,49669127.0,13759.0,3610.0
Monterey County,County,2008.0,212200.0,194200.0,18000.0,8.5,1402.47,21980711.79,857.7,106.03,733315546.0,428549.0,1711.0
Napa County,County,2008.0,75600.0,71700.0,3900.0,5.1,834.32,14793813.14,849.45,64.72,226425921.0,136704.0,1656.0
Nevada County,County,2008.0,50380.0,47050.0,3330.0,6.6,406.03,6067092.48,702.35,52.36,138521570.0,99186.0,1397.0
Orange County,County,2008.0,1616300.0,1530100.0,86100.0,5.3,7171.81,147976736.18,1016.47,480.97,3680914588.0,3121251.0,1179.0
Placer County,County,2008.0,177100.0,165500.0,11500.0,6.5,1174.42,19864039.51,799.6,98.49,482768791.0,333401.0,1448.0
Plumas County,County,2008.0,9820.0,8780.0,1040.0,10.6,181.95,2532534.57,547.84,27.07,57957865.0,20917.0,2771.0
Riverside County,County,2008.0,912000.0,833600.0,78500.0,8.6,3527.43,52695481.16,777.32,268.71,3116995532.0,2088322.0,1493.0
Sacramento County,County,2008.0,679700.0,630500.0,49300.0,7.2,3760.84,75778131.5,903.27,277.02,2673733820.0,1424415.0,1877.0
San Benito County,County,2008.0,24900.0,22400.0,2400.0,9.7,345.46,4812017.63,685.17,34.25,77753794.0,57784.0,1346.0
San Bernardino County,County,2008.0,862600.0,793100.0,69500.0,8.1,3491.02,54336110.99,776.95,226.53,2773066348.0,2055766.0,1349.0
San Diego County,County,2008.0,1546600.0,1453000.0,93600.0,6.1,6243.83,122221236.67,931.51,465.52,3533471472.0,3146274.0,1123.0
San Francisco County,County,2008.0,457200.0,433100.0,24100.0,5.3,3599.7,108073978.48,1255.41,342.0,2420077983.4,1307601.78,4678.16
San Joaquin County,County,2008.0,293000.0,262300.0,30700.0,10.5,1726.89,26828218.29,764.68,125.08,1082152708.0,685660.0,1578.0
San Luis Obispo County,County,2008.0,136500.0,128600.0,7900.0,5.8,910.09,13502870.48,727.0,87.27,401477093.0,269337.0,1491.0
San Mateo County,County,2008.0,372500.0,354300.0,18300.0,4.9,2381.15,67761872.5,1158.1,170.5,1086280931.0,739469.0,1469.0
Santa Barbara County,County,2008.0,218200.0,206200.0,12000.0,5.5,1360.46,22820072.75,909.42,110.18,721623571.0,428655.0,1683.0
Santa Clara County,County,2008.0,869300.0,816900.0,52500.0,6.0,5228.73,169566560.25,1180.52,346.91,3274025084.0,1837075.0,1782.0
Santa Cruz County,County,2008.0,146200.0,135400.0,10800.0,7.4,867.5,13933005.43,797.09,88.46,402408708.0,266519.0,1510.0
Shasta County,County,2008.0,82600.0,74300.0,8300.0,10.1,691.47,9689140.24,692.27,77.72,262133009.0,182236.0,1438.0
Sierra County,County,2008.0,1590.0,1420.0,170.0,10.6,65.57,842678.93,570.2,13.17,20600604.0,3380.0,6095.0
Siskiyou County,County,2008.0,19210.0,17250.0,1970.0,10.2,276.25,3363647.06,558.37,36.56,97088898.0,45971.0,2112.0
Solano County,County,2008.0,211200.0,196600.0,14600.0,6.9,1151.08,20315711.85,832.61,85.59,570313531.0,426757.0,1336.0
Sonoma County,County,2008.0,259800.0,244700.0,15000.0,5.8,1321.21,22730040.98,868.13,135.07,815730200.0,484470.0,1684.0
Stanislaus County,County,2008.0,231800.0,206100.0,25800.0,11.1,1410.02,21077535.96,711.97,107.75,745416414.0,525903.0,1417.0
Sutter County,County,2008.0,41100.0,36000.0,5100.0,12.4,437.19,5713007.12,665.74,47.97,134989752.0,95878.0,1408.0
Tehama County,County,2008.0,25170.0,22840.0,2330.0,9.2,313.48,4024002.23,568.62,35.36,103671709.0,62419.0,1661.0
Trinity County,County,2008.0,4850.0,4230.0,620.0,12.8,121.77,1471943.71,555.44,20.51,52144424.0,13966.0,3734.0
Tulare County,County,2008.0,199000.0,177400.0,21600.0,10.9,1375.93,17006194.02,652.93,90.28,636667845.0,435254.0,1463.0
Tuolumne County,County,2008.0,25780.0,23710.0,2070.0,8.0,326.8,4664869.72,673.86,35.5,120861715.0,56799.0,2128.0
Ventura County,County,2008.0,429000.0,401900.0,27100.0,6.3,2007.28,36383063.92,896.58,152.09,1177163387.0,831587.0,1416.0
Yolo County,County,2008.0,98300.0,91000.0,7300.0,7.4,865.77,14283101.64,795.02,68.65,268055788.0,199066.0,1347.0
Yuba County,County,2008.0,27700.0,24400.0,3300.0,12.0,348.74,5340304.67,613.69,34.07,145325442.0,71929.0,2020.0
California,State,2009.0,18306000.0,16193100.0,2112800.0,11.5,47122.04,971885433.12,1007.54,4184.5,56651913133.0,37447128.0,118797.0
Alameda County,County,2009.0,764600.0,682800.0,81800.0,10.7,3596.89,84005495.9,1052.43,304.08,2031238550.0,1556657.0,1305.0
Alpine County,County,2009.0,450.0,380.0,70.0,14.7,64.04,913343.27,716.04,9.81,15928407.0,1201.0,13263.0
Amador County,County,2009.0,17910.0,15780.0,2130.0,11.9,263.04,3697789.88,600.11,27.79,61467665.0,38080.0,1614.0
Butte County,County,2009.0,104300.0,91000.0,13300.0,12.8,721.73,9700278.0,664.37,81.53,351885090.0,220748.0,1594.0
Calaveras County,County,2009.0,20460.0,17560.0,2900.0,14.2,183.3,2296041.46,600.01,32.57,78327109.0,45987.0,1703.0
Colusa County,County,2009.0,11610.0,9490.0,2120.0,18.3,280.21,3721319.31,643.06,30.4,45788350.0,21997.0,2082.0
Contra Costa County,County,2009.0,527200.0,472500.0,54700.0,10.4,2249.8,50134426.26,1017.4,216.02,1865767496.0,1060435.0,1759.0
Del Norte County,County,2009.0,11740.0,10300.0,1440.0,12.3,277.56,3696387.07,614.56,28.71,60008250.0,29547.0,2031.0
El Dorado County,County,2009.0,92100.0,81700.0,10400.0,11.3,556.29,8774164.54,740.45,64.33,285550953.0,180185.0,1585.0
Fresno County,County,2009.0,437000.0,370300.0,66700.0,15.3,2238.64,32242615.08,748.6,172.77,1272148945.0,942298.0,1350.0
Glenn County,County,2009.0,12660.0,10800.0,1860.0,14.7,235.28,3045501.61,606.78,34.95,70075785.0,29239.0,2397.0
Humboldt County,County,2009.0,61100.0,54300.0,6800.0,11.1,522.77,6733538.3,642.66,62.82,242677262.0,132755.0,1828.0
Imperial County,County,2009.0,76600.0,54900.0,21700.0,28.3,714.14,9627624.39,674.4,73.79,254440145.0,179254.0,1419.0
Inyo County,County,2009.0,9430.0,8550.0,880.0,9.3,232.37,3222400.34,634.12,24.46,61936597.0,18049.0,3432.0
Kern County,County,2009.0,365100.0,311700.0,53400.0,14.6,2038.43,32238185.05,764.38,123.02,1542072859.0,827173.0,1864.0
Kings County,County,2009.0,60900.0,51900.0,9000.0,14.8,623.94,8588122.51,616.14,51.51,186145923.0,154743.0,1203.0
Lake County,County,2009.0,25550.0,21560.0,3990.0,15.6,315.6,4039841.19,601.28,54.79,121641662.0,64025.0,1900.0
Lassen County,County,2009.0,13640.0,11890.0,1750.0,12.8,283.64,4441636.29,644.86,21.58,62453391.0,35550.0,1757.0
Los Angeles County,County,2009.0,4937000.0,4357100.0,579800.0,11.7,15816.76,323658982.39,1008.59,1694.78,16851720536.0,10393185.0,1621.0
Madera County,County,2009.0,66900.0,57600.0,9300.0,13.9,643.07,8653336.73,639.14,53.47,182178177.0,152331.0,1196.0
Marin County,County,2009.0,132400.0,122000.0,10400.0,7.8,945.86,20921370.07,1099.68,110.09,438437352.0,258618.0,1695.0
Mariposa County,County,2009.0,9440.0,8430.0,1010.0,10.7,254.02,3147095.86,656.39,23.06,54409302.0,18306.0,2972.0
Mendocino County,County,2009.0,43510.0,38950.0,4560.0,10.5,393.14,5066219.63,625.6,56.95,191879909.0,90206.0,2127.0
Merced County,County,2009.0,106200.0,87900.0,18300.0,17.3,877.68,11680169.49,622.4,73.5,389557106.0,256450.0,1519.0
Modoc County,County,2009.0,4070.0,3550.0,510.0,12.6,126.07,1629293.27,589.78,19.16,43774672.0,9698.0,4514.0
Mono County,County,2009.0,8770.0,7970.0,800.0,9.2,302.59,3657319.92,683.13,26.65,57600896.0,13504.0,4265.0
Monterey County,County,2009.0,216500.0,190600.0,25900.0,12.0,1362.78,21321701.43,857.15,107.81,814173685.0,431892.0,1885.0
Napa County,County,2009.0,75900.0,69200.0,6600.0,8.7,813.49,14321764.12,852.91,66.87,230336267.0,137571.0,1674.0
Nevada County,County,2009.0,50620.0,45200.0,5420.0,10.7,379.96,5738692.12,694.62,51.43,146326164.0,98718.0,1482.0
Orange County,County,2009.0,1595700.0,1451500.0,144200.0,9.0,6662.47,137054512.58,1005.72,483.37,3326887750.0,3139017.0,1060.0
Placer County,County,2009.0,180600.0,161400.0,19200.0,10.6,1133.45,19833732.79,832.57,101.74,542081892.0,339577.0,1596.0
Plumas County,County,2009.0,10090.0,8470.0,1610.0,16.0,176.89,2438702.65,583.22,28.47,53577796.0,20632.0,2597.0
Riverside County,County,2009.0,921400.0,795700.0,125700.0,13.6,3240.2,48561555.66,783.82,257.5,3232432280.0,2107653.0,1534.0
Sacramento County,County,2009.0,684600.0,606000.0,78600.0,11.5,3612.15,72951640.51,907.31,277.81,2725078853.0,1433187.0,1901.0
San Benito County,County,2009.0,25000.0,21400.0,3600.0,14.5,315.05,4433561.94,676.21,33.4,73915397.0,58016.0,1274.0
San Bernardino County,County,2009.0,862800.0,749000.0,113800.0,13.2,3266.39,51208593.1,779.34,229.17,2848120030.0,2060950.0,1382.0
San Diego County,County,2009.0,1561200.0,1408200.0,153000.0,9.8,5941.56,116601223.31,928.89,468.7,3604194866.0,3173407.0,1136.0
San Francisco County,County,2009.0,461300.0,419500.0,41800.0,9.1,3449.07,99963155.7,1244.15,350.2,2420077983.4,1307601.78,4678.16
San Joaquin County,County,2009.0,299900.0,253300.0,46600.0,15.5,1638.37,25575611.91,774.21,123.53,1086751021.0,689480.0,1576.0
San Luis Obispo County,County,2009.0,136900.0,124400.0,12600.0,9.2,868.11,13168517.88,726.71,87.5,400698005.0,270429.0,1482.0
San Mateo County,County,2009.0,375600.0,343500.0,32200.0,8.6,2270.41,66702339.45,1138.94,171.61,1130232085.0,745858.0,1515.0
Santa Barbara County,County,2009.0,220800.0,201800.0,19000.0,8.6,1306.92,22163196.86,906.88,111.42,700808369.0,431312.0,1625.0
Santa Clara County,County,2009.0,879300.0,782300.0,97000.0,11.0,4982.52,160315035.73,1152.6,357.62,3326938594.0,1857621.0,1791.0
Santa Cruz County,County,2009.0,148400.0,131300.0,17100.0,11.5,849.06,13388110.8,795.06,90.77,391884581.0,268637.0,1459.0
Shasta County,County,2009.0,84500.0,71900.0,12600.0,14.9,655.93,9273629.7,696.72,69.48,260224057.0,183023.0,1422.0
Sierra County,County,2009.0,1610.0,1360.0,250.0,15.5,63.53,832593.59,557.89,12.77,17495437.0,3358.0,5210.0
Siskiyou County,County,2009.0,19760.0,16830.0,2930.0,14.8,261.34,3186468.83,548.58,36.79,106287709.0,45973.0,2312.0
Solano County,County,2009.0,215600.0,192200.0,23400.0,10.8,1096.89,20378863.25,841.69,84.51,628101067.0,426729.0,1472.0
Sonoma County,County,2009.0,257700.0,232400.0,25300.0,9.8,1262.76,21604925.45,858.6,138.1,772827431.0,486630.0,1588.0
Stanislaus County,County,2009.0,236200.0,198100.0,38100.0,16.1,1335.46,20294653.1,717.46,107.95,739718254.0,526383.0,1405.0
Sutter County,County,2009.0,42200.0,35000.0,7200.0,17.1,439.26,5849355.11,658.39,51.94,143898139.0,96554.0,1490.0
Tehama County,County,2009.0,25510.0,21880.0,3620.0,14.2,303.8,3909742.23,582.36,36.36,100212144.0,62836.0,1595.0
Trinity County,County,2009.0,5020.0,4150.0,880.0,17.4,113.0,1288222.21,540.76,19.62,44795369.0,13959.0,3209.0
Tulare County,County,2009.0,204600.0,173000.0,31600.0,15.4,1336.33,16493493.9,654.25,92.2,665896112.0,441481.0,1508.0
Tuolumne County,County,2009.0,25870.0,22590.0,3280.0,12.7,294.19,4144913.68,641.38,34.48,117865863.0,56335.0,2092.0
Ventura County,County,2009.0,432200.0,388800.0,43500.0,10.1,1932.71,35532510.84,903.15,156.26,1206053668.0,836080.0,1443.0
Yolo County,County,2009.0,99200.0,87900.0,11400.0,11.5,843.81,13931370.53,802.04,71.87,266908271.0,200709.0,1330.0
Yuba County,County,2009.0,28600.0,23600.0,5000.0,17.5,343.87,5349764.68,624.65,36.96,128079588.0,72900.0,1757.0
California,State,2010.0,18370500.0,16078500.0,2292100.0,12.5,46218.63,983754768.29,1032.6,4130.84,55704071632.0,37791995.0,115887.0
Alameda County,County,2010.0,782700.0,695300.0,87300.0,11.2,3504.63,85273469.28,1092.35,305.93,2083268145.0,1574857.0,1323.0
Alpine County,County,2010.0,540.0,470.0,70.0,13.1,54.73,824993.73,680.21,12.78,14578603.0,1189.0,12261.0
Amador County,County,2010.0,15520.0,13290.0,2230.0,14.4,281.98,3926420.87,619.84,29.62,61056979.0,38022.0,1606.0
Butte County,County,2010.0,102700.0,88100.0,14600.0,14.2,718.36,9791743.54,679.56,86.89,345569828.0,221768.0,1558.0
Calaveras County,County,2010.0,21050.0,17930.0,3110.0,14.8,184.62,2355681.73,635.51,32.18,70766481.0,45870.0,1543.0
Colusa County,County,2010.0,11560.0,9090.0,2460.0,21.3,293.8,4215685.04,653.43,30.42,46636818.0,22206.0,2100.0
Contra Costa County,County,2010.0,525700.0,466700.0,59000.0,11.2,2214.06,50437052.01,1041.1,212.59,1805784477.0,1073055.0,1683.0
Del Norte County,County,2010.0,10940.0,9460.0,1480.0,13.5,272.09,3665130.68,602.77,29.9,55408451.0,29673.0,1867.0
El Dorado County,County,2010.0,91200.0,79800.0,11400.0,12.5,561.04,8786486.02,767.51,63.36,268680830.0,182019.0,1476.0
Fresno County,County,2010.0,440600.0,365300.0,75300.0,17.1,2189.43,31574286.75,762.78,179.11,1195960511.0,953761.0,1254.0
Glenn County,County,2010.0,13240.0,11150.0,2090.0,15.8,248.96,3242924.61,625.0,38.36,68744257.0,29434.0,2336.0
Humboldt County,County,2010.0,66100.0,58900.0,7100.0,10.8,514.9,6813830.82,673.74,61.87,233685993.0,133400.0,1752.0
Imperial County,County,2010.0,79100.0,55800.0,23300.0,29.4,756.21,10395879.25,675.87,76.46,261770616.0,183029.0,1430.0
Inyo County,County,2010.0,9760.0,8780.0,970.0,10.0,232.45,3295585.2,658.25,22.46,61731395.0,18110.0,3409.0
Kern County,County,2010.0,372200.0,312600.0,59700.0,16.0,1978.88,32224756.72,779.02,120.77,1533701063.0,839587.0,1827.0
Kings County,County,2010.0,59600.0,49700.0,9800.0,16.5,642.36,8970355.81,651.36,52.78,184865685.0,156289.0,1183.0
Lake County,County,2010.0,29900.0,25280.0,4620.0,15.5,313.16,4100220.8,629.23,55.54,118868288.0,64053.0,1856.0
Lassen County,County,2010.0,12120.0,10370.0,1740.0,14.4,280.95,4573695.9,620.24,20.49,57188664.0,35889.0,1593.0
Los Angeles County,County,2010.0,4940700.0,4318700.0,622000.0,12.6,15506.76,327767697.15,1051.39,1687.14,16862384547.0,10441080.0,1615.0
Madera County,County,2010.0,61700.0,51200.0,10500.0,17.0,644.85,8722392.06,648.26,61.93,180527354.0,153655.0,1175.0
Marin County,County,2010.0,133000.0,122300.0,10700.0,8.1,945.73,21107913.91,1097.16,111.0,416192399.0,260651.0,1597.0
Mariposa County,County,2010.0,8720.0,7560.0,1160.0,13.3,286.15,3583337.09,661.16,24.38,57650698.0,18192.0,3169.0
Mendocino County,County,2010.0,41610.0,36680.0,4940.0,11.9,377.49,4906307.02,650.43,52.03,195011288.0,90289.0,2160.0
Merced County,County,2010.0,113900.0,93000.0,20900.0,18.4,872.27,11746508.89,617.47,73.63,383996571.0,258495.0,1486.0
Modoc County,County,2010.0,3820.0,3230.0,590.0,15.5,126.89,1656005.48,609.11,19.25,43003201.0,9777.0,4398.0
Mono County,County,2010.0,8890.0,7960.0,930.0,10.4,284.09,3444625.92,724.99,24.52,58926582.0,13617.0,4327.0
Monterey County,County,2010.0,216000.0,187900.0,28200.0,13.0,1377.13,21622119.05,853.75,108.25,778942895.0,435878.0,1787.0
Napa County,County,2010.0,70200.0,62800.0,7400.0,10.6,804.87,14155916.76,847.3,66.69,228294070.0,138917.0,1643.0
Nevada County,County,2010.0,48940.0,43070.0,5870.0,12.0,374.85,5712929.21,699.32,51.28,143845893.0,98680.0,1458.0
Orange County,County,2010.0,1537700.0,1383900.0,153800.0,10.0,6543.43,137937022.13,1028.94,480.72,3007166924.0,3166461.0,950.0
Placer County,County,2010.0,173400.0,152800.0,20600.0,11.9,1116.76,19746808.46,851.42,100.37,512384751.0,347102.0,1476.0
Plumas County,County,2010.0,9170.0,7460.0,1710.0,18.7,177.86,2500512.48,555.6,26.74,52069533.0,20428.0,2549.0
Riverside County,County,2010.0,977800.0,839100.0,138600.0,14.2,3077.25,46030520.54,783.38,260.05,3232475481.0,2139535.0,1511.0
Sacramento County,County,2010.0,683800.0,595500.0,88400.0,12.9,3501.53,71575562.22,929.99,284.52,2370413029.0,1445327.0,1640.0
San Benito County,County,2010.0,28000.0,23600.0,4300.0,15.5,298.67,4194813.14,670.54,35.03,78449387.0,58388.0,1344.0
San Bernardino County,County,2010.0,891400.0,767900.0,123500.0,13.9,3200.16,50936506.13,798.06,228.15,2864224734.0,2073149.0,1382.0
San Diego County,County,2010.0,1515900.0,1348800.0,167000.0,11.0,5993.61,120806531.86,960.13,474.55,3493697627.0,3224432.0,1084.0
San Francisco County,County,2010.0,485800.0,441600.0,44200.0,9.1,3460.06,104643643.92,1289.09,361.95,2420077983.4,1307601.78,4678.16
San Joaquin County,County,2010.0,312100.0,259300.0,52800.0,16.9,1588.04,25026697.71,801.04,123.37,1054635741.0,694293.0,1519.0
San Luis Obispo County,County,2010.0,133600.0,119900.0,13700.0,10.2,877.45,13082691.38,740.5,87.54,426115728.0,273231.0,1560.0
San Mateo County,County,2010.0,392900.0,359200.0,33600.0,8.6,2197.73,64202261.91,1185.81,168.19,1134440062.0,754285.0,1504.0
Santa Barbara County,County,2010.0,212300.0,191200.0,21100.0,9.9,1261.73,21872234.94,891.44,108.29,709798271.0,434481.0,1634.0
Santa Clara County,County,2010.0,926900.0,828000.0,98900.0,10.7,4958.26,177604793.82,1206.66,360.25,3440872808.0,1880876.0,1829.0
Santa Cruz County,County,2010.0,141900.0,122600.0,19300.0,13.6,846.91,13501389.97,837.17,90.85,370484098.0,272201.0,1361.0
Shasta County,County,2010.0,78700.0,65200.0,13500.0,17.2,624.84,8836371.25,703.8,67.73,254989970.0,184247.0,1384.0
Sierra County,County,2010.0,1610.0,1360.0,250.0,15.7,55.96,722281.56,571.06,12.04,20558542.0,3303.0,6224.0
Siskiyou County,County,2010.0,19670.0,16280.0,3390.0,17.2,267.57,3396827.53,563.83,37.35,100956676.0,46010.0,2194.0
Solano County,County,2010.0,202500.0,176500.0,26000.0,12.8,1025.06,18565178.56,822.89,79.49,603235623.0,427837.0,1410.0
Sonoma County,County,2010.0,244600.0,217500.0,27100.0,11.1,1250.16,21826941.79,881.73,137.02,794300851.0,493285.0,1610.0
Stanislaus County,County,2010.0,243800.0,201700.0,42200.0,17.3,1322.44,20211512.04,733.06,112.29,731145760.0,530584.0,1378.0
Sutter County,County,2010.0,46100.0,37400.0,8700.0,18.8,468.16,6235526.08,693.76,54.09,135542911.0,99154.0,1367.0
Tehama County,County,2010.0,25760.0,21700.0,4060.0,15.8,303.49,4029024.59,607.68,37.19,98512525.0,63100.0,1561.0
Trinity County,County,2010.0,5440.0,4490.0,950.0,17.4,108.61,1350788.06,570.31,19.55,38219365.0,13898.0,2750.0
Tulare County,County,2010.0,203500.0,167700.0,35800.0,17.6,1351.86,16845030.48,657.94,90.89,644590556.0,447814.0,1439.0
Tuolumne County,County,2010.0,22660.0,19120.0,3530.0,15.6,298.39,4286018.43,688.38,34.58,107643945.0,56086.0,1919.0
Ventura County,County,2010.0,430200.0,382400.0,47800.0,11.1,1925.96,36159237.61,919.54,155.44,1223893404.0,844713.0,1449.0
Yolo County,County,2010.0,102300.0,89600.0,12600.0,12.4,813.87,13726041.41,803.61,71.95,261598583.0,202953.0,1289.0
Yuba County,County,2010.0,29100.0,23800.0,5300.0,18.2,277.37,4347309.76,596.38,31.97,124612165.0,73380.0,1698.0
California,State,2011.0,18406800.0,16220600.0,2186200.0,11.9,48161.26,1059276524.37,1077.42,4385.58,56604052344.0,36697946.0,117008.0
Alameda County,County,2011.0,785100.0,704600.0,80500.0,10.3,3499.11,86621501.3,1112.78,313.32,2186575262.0,1521157.0,1437.0
Alpine County,County,2011.0,590.0,520.0,80.0,12.9,76.58,1394117.86,894.37,10.81,14988662.0,1176.0,12745.0
Amador County,County,2011.0,15080.0,12990.0,2090.0,13.8,288.22,4281116.74,682.23,29.95,58227532.0,37911.0,1536.0
Butte County,County,2011.0,100500.0,86500.0,14000.0,13.9,703.77,9718123.04,712.1,89.4,344618539.0,221388.0,1557.0
Calaveras County,County,2011.0,20650.0,17700.0,2950.0,14.3,180.87,2348005.94,659.3,36.54,72979521.0,45693.0,1597.0
Colusa County,County,2011.0,11380.0,8920.0,2460.0,21.6,281.92,3970793.56,714.67,30.65,46753162.0,21593.0,2165.0
Contra Costa County,County,2011.0,528500.0,473100.0,55400.0,10.5,2238.73,52399864.73,1075.67,217.53,1937982203.0,1056064.0,1835.0
Del Norte County,County,2011.0,10880.0,9410.0,1470.0,13.5,271.47,3775399.73,614.56,35.47,53736105.0,28594.0,1879.0
El Dorado County,County,2011.0,89600.0,78900.0,10700.0,11.9,560.9,8782274.97,796.1,62.26,267356271.0,182498.0,1465.0
Fresno County,County,2011.0,443300.0,368800.0,74500.0,16.8,2232.91,32278155.54,786.69,217.41,1221747562.0,940220.0,1299.0
Glenn County,County,2011.0,13160.0,11080.0,2080.0,15.8,252.49,3423670.0,638.3,42.81,66014786.0,28273.0,2335.0
Humboldt County,County,2011.0,65000.0,58000.0,7000.0,10.7,517.34,7058662.24,695.07,62.61,232619292.0,135263.0,1720.0
Imperial County,County,2011.0,79600.0,56300.0,23300.0,29.3,751.9,10351256.88,697.91,92.79,274556866.0,176258.0,1558.0
Inyo County,County,2011.0,9660.0,8710.0,960.0,9.9,245.44,3588975.38,684.74,23.3,64907072.0,18634.0,3483.0
Kern County,County,2011.0,382000.0,324400.0,57600.0,15.1,2087.61,34220129.88,789.64,136.66,1555380622.0,846883.0,1837.0
Kings County,County,2011.0,59100.0,49500.0,9600.0,16.2,662.07,9441383.99,693.78,69.02,186724804.0,153365.0,1218.0
Lake County,County,2011.0,29580.0,25210.0,4370.0,14.8,318.07,4204094.52,672.88,80.94,115093688.0,64784.0,1777.0
Lassen County,County,2011.0,11770.0,10150.0,1620.0,13.8,278.92,4805985.35,665.13,22.31,56644193.0,34577.0,1638.0
Los Angeles County,County,2011.0,4941700.0,4337400.0,604300.0,12.2,15832.03,343041677.57,1086.78,1754.8,17290917622.0,9858989.0,1754.0
Madera County,County,2011.0,62000.0,51800.0,10200.0,16.4,645.51,9028198.33,670.53,68.71,178214387.0,151949.0,1173.0
Marin County,County,2011.0,134200.0,124300.0,9900.0,7.4,948.36,21726565.07,1103.9,112.19,432353051.0,254692.0,1698.0
Mariposa County,County,2011.0,8650.0,7490.0,1160.0,13.4,258.8,3262807.52,690.65,24.97,56608234.0,18261.0,3100.0
Mendocino County,County,2011.0,40870.0,36140.0,4730.0,11.6,379.24,5032355.07,668.5,60.8,179357256.0,88197.0,2034.0
Merced County,County,2011.0,114700.0,94100.0,20600.0,17.9,897.66,12035266.12,640.04,94.5,385200770.0,257984.0,1493.0
Modoc County,County,2011.0,3620.0,3030.0,590.0,16.2,126.51,1688008.34,638.26,22.72,37865746.0,9705.0,3902.0
Mono County,County,2011.0,8810.0,7910.0,900.0,10.2,258.51,3310024.81,717.99,22.9,60068773.0,14308.0,4198.0
Monterey County,County,2011.0,216300.0,188400.0,27900.0,12.9,1401.52,22311051.11,882.36,111.26,757734799.0,419038.0,1808.0
Napa County,County,2011.0,70600.0,63600.0,7000.0,10.0,768.08,13681691.0,869.33,65.19,244379746.0,137639.0,1776.0
Nevada County,County,2011.0,48940.0,43420.0,5520.0,11.3,373.81,5730527.59,712.91,51.27,144893147.0,99111.0,1462.0
Orange County,County,2011.0,1543800.0,1400900.0,142900.0,9.3,6750.07,145648406.04,1067.36,496.48,3083894766.0,3029859.0,1018.0
Placer County,County,2011.0,173500.0,154300.0,19200.0,11.0,1151.24,20858329.07,869.44,102.81,537970091.0,352380.0,1527.0
Plumas County,County,2011.0,8890.0,7300.0,1590.0,17.9,175.03,2525694.62,574.75,30.29,50833158.0,20025.0,2538.0
Riverside County,County,2011.0,977300.0,846300.0,131000.0,13.4,3120.46,47675196.03,815.47,290.73,3103508291.0,2217778.0,1399.0
Sacramento County,County,2011.0,679000.0,595300.0,83700.0,12.3,3505.16,73925426.53,945.8,335.57,2401936692.0,1428355.0,1682.0
San Benito County,County,2011.0,28300.0,24100.0,4200.0,14.8,311.09,4449405.83,697.63,41.41,77729512.0,55619.0,1398.0
San Bernardino County,County,2011.0,887300.0,771100.0,116200.0,13.1,3221.1,51799359.51,814.37,280.1,3011873556.0,2052397.0,1467.0
San Diego County,County,2011.0,1521700.0,1361900.0,159900.0,10.5,6130.31,128102601.19,982.09,491.73,3477860152.0,3118876.0,1115.0
San Francisco County,County,2011.0,493400.0,453100.0,40400.0,8.2,3647.53,117231809.56,1351.34,384.33,2420077983.4,1307601.78,4678.16
San Joaquin County,County,2011.0,311200.0,260000.0,51200.0,16.5,1597.92,25360806.4,824.89,144.47,1038260985.0,690899.0,1503.0
San Luis Obispo County,County,2011.0,134100.0,121000.0,13000.0,9.7,905.07,13936098.02,770.46,89.06,401935190.0,270966.0,1483.0
San Mateo County,County,2011.0,398900.0,368400.0,30500.0,7.7,2258.67,67738160.16,1236.58,170.79,1224443265.0,724702.0,1690.0
Santa Barbara County,County,2011.0,212600.0,192300.0,20300.0,9.5,1321.56,23313447.53,926.65,113.1,732828127.0,426189.0,1719.0
Santa Clara County,County,2011.0,937900.0,849100.0,88800.0,9.5,5149.85,195972483.26,1254.67,372.91,3414741017.0,1797375.0,1900.0
Santa Cruz County,County,2011.0,141100.0,122400.0,18800.0,13.3,830.61,13686376.82,887.91,91.19,411937327.0,264430.0,1558.0
Shasta County,County,2011.0,77000.0,64500.0,12500.0,16.2,636.4,9293971.4,733.51,81.64,243857110.0,177924.0,1371.0
Sierra County,County,2011.0,1600.0,1360.0,240.0,15.1,70.97,1058503.64,688.4,13.85,19513420.0,3248.0,6008.0
Siskiyou County,County,2011.0,19430.0,16070.0,3360.0,17.3,266.28,3486692.89,625.62,39.92,92086244.0,45084.0,2043.0
Solano County,County,2011.0,201900.0,176900.0,25000.0,12.4,1009.72,18840056.59,839.5,90.53,551694612.0,414509.0,1331.0
Sonoma County,County,2011.0,245600.0,220100.0,25500.0,10.4,1269.89,22740116.0,925.46,140.96,791231581.0,487125.0,1624.0
Stanislaus County,County,2011.0,242200.0,201600.0,40600.0,16.8,1335.0,20417252.43,756.44,133.28,727707644.0,517685.0,1406.0
Sutter County,County,2011.0,45900.0,37400.0,8500.0,18.5,497.34,6814072.57,716.74,58.43,139101389.0,95800.0,1452.0
Tehama County,County,2011.0,25550.0,21660.0,3890.0,15.2,318.06,4313504.74,645.08,46.22,100569088.0,63950.0,1573.0
Trinity County,County,2011.0,5380.0,4470.0,910.0,17.0,121.68,1610933.27,618.48,20.73,40419395.0,13853.0,2918.0
Tulare County,County,2011.0,203400.0,168000.0,35400.0,17.4,1342.9,17169470.87,680.81,91.65,653314080.0,446837.0,1462.0
Tuolumne County,County,2011.0,22700.0,19360.0,3340.0,14.7,308.16,4522164.2,732.63,34.99,100164857.0,55256.0,1813.0
Ventura County,County,2011.0,430900.0,386000.0,44900.0,10.4,1993.44,38487889.8,963.96,161.87,1276806352.0,828383.0,1541.0
Yolo County,County,2011.0,101600.0,89500.0,12200.0,12.0,823.28,14097829.85,822.96,74.73,244393211.0,201759.0,1211.0
Yuba County,County,2011.0,28900.0,23900.0,5000.0,17.3,278.95,4399495.67,596.32,39.17,128941559.0,72479.0,1779.0
California,State,2012.0,18484900.0,16541000.0,1943800.0,10.5,49303.18,1120557300.92,1116.22,4315.3,56801310136.0,36866025.0,120073.0
Alameda County,County,2012.0,796500.0,726100.0,70300.0,8.8,3692.39,93707344.72,1146.07,313.77,2221267982.0,1532137.0,1450.0
Alpine County,County,2012.0,540.0,480.0,60.0,11.2,70.55,1310751.42,841.33,11.86,18559365.0,1097.0,16918.0
Amador County,County,2012.0,14650.0,12820.0,1820.0,12.5,280.61,4242728.02,679.96,28.52,59289357.0,37120.0,1597.0
Butte County,County,2012.0,100800.0,88400.0,12400.0,12.3,710.39,10053904.78,727.87,78.66,351797294.0,221273.0,1590.0
Calaveras County,County,2012.0,20170.0,17630.0,2530.0,12.6,183.83,2442176.48,665.72,32.86,83653260.0,44840.0,1866.0
Colusa County,County,2012.0,11270.0,8900.0,2370.0,21.0,287.88,4142287.01,739.65,29.89,47080206.0,21690.0,2171.0
Contra Costa County,County,2012.0,534500.0,485900.0,48600.0,9.1,2285.94,54551968.47,1120.56,211.83,2016639285.0,1065117.0,1893.0
Del Norte County,County,2012.0,10480.0,9040.0,1440.0,13.7,273.85,3943886.9,658.58,31.1,63595956.0,28429.0,2237.0
El Dorado County,County,2012.0,88900.0,79600.0,9200.0,10.4,563.43,9141949.31,811.72,61.65,260871342.0,180712.0,1444.0
Fresno County,County,2012.0,439500.0,372000.0,67500.0,15.4,2321.88,34831917.15,805.64,190.64,1174535564.0,945711.0,1242.0
Glenn County,County,2012.0,13130.0,11240.0,1890.0,14.4,258.04,3572376.44,676.75,37.92,65960412.0,28122.0,2346.0
Humboldt County,County,2012.0,64100.0,57900.0,6200.0,9.7,514.96,7028214.34,704.86,59.48,239716576.0,134587.0,1781.0
Imperial County,County,2012.0,79300.0,57400.0,22000.0,27.7,776.23,10672935.37,720.77,90.63,280430365.0,177441.0,1580.0
Inyo County,County,2012.0,9540.0,8660.0,880.0,9.2,244.04,3642644.31,690.58,23.49,63172834.0,18461.0,3422.0
Kern County,County,2012.0,391300.0,339000.0,52300.0,13.4,2188.56,36985157.12,814.33,123.33,1552674370.0,850006.0,1827.0
Kings County,County,2012.0,58700.0,49800.0,8900.0,15.1,647.9,9369997.62,692.68,57.43,180967549.0,152419.0,1187.0
Lake County,County,2012.0,29460.0,25640.0,3820.0,13.0,317.0,4221933.05,683.8,64.1,113540568.0,63266.0,1795.0
Lassen County,County,2012.0,11450.0,10000.0,1450.0,12.7,277.82,4871621.19,671.79,20.59,59620389.0,34167.0,1745.0
Los Angeles County,County,2012.0,4904900.0,4365700.0,539200.0,11.0,16108.37,356529977.6,1115.64,1704.44,17483298232.0,9884632.0,1769.0
Madera County,County,2012.0,62400.0,53300.0,9200.0,14.7,643.28,9101579.38,673.25,57.91,184283427.0,152074.0,1212.0
Marin County,County,2012.0,136500.0,127800.0,8700.0,6.4,959.79,22365460.98,1118.53,109.28,435482895.0,254790.0,1709.0
Mariposa County,County,2012.0,8360.0,7320.0,1040.0,12.4,236.55,3065717.39,705.6,21.66,55986576.0,17716.0,3160.0
Mendocino County,County,2012.0,40860.0,36690.0,4170.0,10.2,394.47,5294015.98,682.15,55.21,169368371.0,87572.0,1934.0
Merced County,County,2012.0,114900.0,95900.0,19000.0,16.6,912.2,12528968.89,655.88,82.13,371059926.0,258736.0,1434.0
Modoc County,County,2012.0,3610.0,3080.0,530.0,14.6,131.66,1757302.78,652.62,20.1,29831096.0,9566.0,3118.0
Mono County,County,2012.0,8380.0,7500.0,880.0,10.5,259.62,3204026.19,791.43,24.42,56215388.0,14391.0,3906.0
Monterey County,County,2012.0,217400.0,191800.0,25600.0,11.8,1406.14,22608313.75,872.42,107.44,761268611.0,420668.0,1810.0
Napa County,County,2012.0,71600.0,65500.0,6200.0,8.6,813.86,14739992.0,885.96,66.59,249503537.0,138255.0,1805.0
Nevada County,County,2012.0,48260.0,43470.0,4780.0,9.9,373.09,5864163.54,751.53,49.36,143152631.0,97182.0,1473.0
Orange County,County,2012.0,1558500.0,1433500.0,125000.0,8.0,6910.4,153200027.0,1095.23,497.49,3216502837.0,3055792.0,1053.0
Placer County,County,2012.0,174500.0,157900.0,16600.0,9.5,1180.25,22192965.93,900.39,101.49,495654443.0,355328.0,1395.0
Plumas County,County,2012.0,8480.0,7090.0,1390.0,16.4,174.83,2603523.13,584.86,26.39,50644408.0,19718.0,2568.0
Riverside County,County,2012.0,985200.0,868800.0,116500.0,11.8,3136.48,48176826.4,826.94,262.89,3089526728.0,2227577.0,1387.0
Sacramento County,County,2012.0,679900.0,607200.0,72600.0,10.7,3587.27,77100992.17,962.88,294.71,2363305895.0,1435153.0,1647.0
San Benito County,County,2012.0,28600.0,24800.0,3800.0,13.3,326.83,4768494.35,731.34,38.77,72213035.0,55815.0,1294.0
San Bernardino County,County,2012.0,890500.0,787300.0,103300.0,11.6,3259.45,53515702.75,835.45,245.76,3000553196.0,2063919.0,1454.0
San Diego County,County,2012.0,1536900.0,1394300.0,142700.0,9.3,6226.26,133799797.17,1014.77,487.55,3596335746.0,3143429.0,1144.0
San Francisco County,County,2012.0,508000.0,473000.0,35000.0,6.9,3789.63,126209629.99,1416.14,378.71,2420077983.4,1307601.78,4678.16
San Joaquin County,County,2012.0,311400.0,266000.0,45400.0,14.6,1571.36,25190050.25,821.66,124.94,1044097535.0,695750.0,1501.0
San Luis Obispo County,County,2012.0,137000.0,125500.0,11500.0,8.4,906.08,13925837.9,782.53,85.48,399974805.0,271483.0,1473.0
San Mateo County,County,2012.0,410900.0,384100.0,26800.0,6.5,2373.61,98669450.87,1327.06,171.54,1163707360.0,729443.0,1595.0
Santa Barbara County,County,2012.0,215500.0,197100.0,18400.0,8.5,1327.05,24188451.0,952.93,109.88,730246532.0,427267.0,1709.0
Santa Clara County,County,2012.0,956000.0,879400.0,76500.0,8.0,5371.2,207731666.37,1285.0,373.63,3384871819.0,1816486.0,1863.0
Santa Cruz County,County,2012.0,141800.0,124800.0,17000.0,12.0,837.15,14318071.08,884.26,87.92,391622021.0,265981.0,1472.0
Shasta County,County,2012.0,75900.0,65000.0,10900.0,14.4,633.2,9319835.93,751.82,70.57,248577940.0,177823.0,1398.0
Sierra County,County,2012.0,1470.0,1250.0,210.0,14.6,60.85,888458.27,642.12,12.3,18699543.0,3152.0,5933.0
Siskiyou County,County,2012.0,18850.0,15870.0,2990.0,15.9,266.14,3510100.55,623.14,38.0,87597096.0,44639.0,1962.0
Solano County,County,2012.0,202200.0,180300.0,22000.0,10.9,1014.36,19744921.79,858.75,80.9,542758644.0,413786.0,1312.0
Sonoma County,County,2012.0,245700.0,223600.0,22100.0,9.0,1258.69,22448912.63,924.5,136.57,738271668.0,487011.0,1516.0
Stanislaus County,County,2012.0,241700.0,205100.0,36500.0,15.1,1383.06,21811875.8,780.92,117.4,670490697.0,519940.0,1290.0
Sutter County,County,2012.0,45500.0,37700.0,7800.0,17.1,495.21,6926498.17,724.33,52.87,132053697.0,95065.0,1389.0
Tehama County,County,2012.0,25210.0,21690.0,3520.0,14.0,327.81,4532336.74,652.03,40.8,95275561.0,63177.0,1508.0
Trinity County,County,2012.0,5320.0,4530.0,790.0,14.9,129.21,1740582.46,594.54,19.29,40389810.0,13722.0,2943.0
Tulare County,County,2012.0,201100.0,168100.0,33000.0,16.4,1350.11,17784283.08,702.57,89.82,658505390.0,450840.0,1461.0
Tuolumne County,County,2012.0,22280.0,19340.0,2940.0,13.2,324.54,4828086.42,732.86,34.56,103508192.0,53834.0,1923.0
Ventura County,County,2012.0,433700.0,393600.0,40100.0,9.2,2040.26,40047727.07,993.0,160.43,1313739166.0,832970.0,1577.0
Yolo County,County,2012.0,102400.0,91300.0,11100.0,10.8,830.55,14611493.63,855.46,74.44,233857461.0,202133.0,1157.0
Yuba County,County,2012.0,28800.0,24300.0,4500.0,15.6,289.29,4637441.85,633.04,33.99,125505547.0,72615.0,1728.0
California,State,2013.0,18565400.0,16887900.0,1677500.0,9.0,50569.47,1155300206.0,1121.95,4237.12,58958046229.0,37141360.0,119083.0
Alameda County,County,2013.0,799800.0,741200.0,58600.0,7.3,3816.51,96615121.71,1156.36,314.23,2295382137.0,1548681.0,1482.0
Alpine County,County,2013.0,520.0,470.0,50.0,9.8,64.35,1397360.21,753.65,12.25,15857853.0,1087.0,14589.0
Amador County,County,2013.0,14400.0,12900.0,1500.0,10.4,281.02,4382820.47,694.96,28.65,59949058.0,36741.0,1632.0
Butte County,County,2013.0,101400.0,90800.0,10600.0,10.4,749.14,10474902.57,734.96,83.42,347665055.0,221485.0,1570.0
Calaveras County,County,2013.0,20190.0,18160.0,2030.0,10.1,190.49,2492062.26,677.85,32.61,97959949.0,44932.0,2180.0
Colusa County,County,2013.0,11270.0,9110.0,2150.0,19.1,290.25,4294564.89,726.55,27.55,53867054.0,21674.0,2485.0
Contra Costa County,County,2013.0,536000.0,495300.0,40700.0,7.6,2337.34,56463228.58,1132.64,207.01,2159734994.0,1074702.0,2010.0
Del Norte County,County,2013.0,10300.0,9060.0,1230.0,12.0,277.51,3923629.18,671.95,28.85,66313113.0,28380.0,2337.0
El Dorado County,County,2013.0,88300.0,80700.0,7600.0,8.6,578.09,9633700.2,848.09,61.15,270617935.0,182286.0,1485.0
Fresno County,County,2013.0,436600.0,378000.0,58600.0,13.4,2375.94,35740052.7,814.93,207.15,1224642063.0,952166.0,1286.0
Glenn County,County,2013.0,12950.0,11360.0,1590.0,12.2,258.26,3627389.93,702.96,33.0,68064510.0,28349.0,2401.0
Humboldt County,County,2013.0,62800.0,57700.0,5200.0,8.2,534.36,7392321.87,714.26,58.12,239056571.0,135209.0,1768.0
Imperial County,County,2013.0,78200.0,58400.0,19800.0,25.3,792.19,10868970.53,715.52,82.54,283034960.0,180061.0,1572.0
Inyo County,County,2013.0,9360.0,8610.0,740.0,7.9,239.4,3606050.97,704.33,23.08,68004848.0,18573.0,3661.0
Kern County,County,2013.0,392200.0,345600.0,46600.0,11.9,2244.66,37719854.42,819.51,125.75,1601784836.0,857882.0,1867.0
Kings County,County,2013.0,58000.0,50100.0,7900.0,13.6,631.12,9231597.36,702.92,51.43,189311156.0,152007.0,1245.0
Lake County,County,2013.0,29160.0,25940.0,3220.0,11.0,334.53,4330268.56,677.68,63.25,111995868.0,64531.0,1736.0
Lassen County,County,2013.0,10970.0,9790.0,1180.0,10.7,289.46,4981055.62,711.36,20.26,54414928.0,33422.0,1628.0
Los Angeles County,County,2013.0,4955800.0,4471400.0,484400.0,9.8,16611.77,363835101.19,1109.9,1706.91,18257123616.0,9958091.0,1833.0
Madera County,County,2013.0,62100.0,54200.0,7900.0,12.7,677.76,9740797.61,699.37,55.13,191015636.0,152711.0,1251.0
Marin County,County,2013.0,137800.0,130600.0,7200.0,5.2,974.4,22876132.72,1120.65,107.53,409262889.0,254007.0,1611.0
Mariposa County,County,2013.0,8200.0,7330.0,870.0,10.6,246.13,3156786.04,707.41,20.94,56464078.0,18026.0,3132.0
Mendocino County,County,2013.0,40690.0,37250.0,3440.0,8.5,408.68,5376661.62,692.26,57.75,171453568.0,88291.0,1942.0
Merced County,County,2013.0,114300.0,97500.0,16800.0,14.7,935.89,12950634.53,676.72,77.52,373693857.0,262478.0,1424.0
Modoc County,County,2013.0,3490.0,3060.0,430.0,12.4,146.05,1974980.05,732.03,19.95,27623442.0,9522.0,2901.0
Mono County,County,2013.0,8340.0,7620.0,720.0,8.6,265.82,3401950.04,778.4,24.02,54352990.0,14493.0,3750.0
Monterey County,County,2013.0,215700.0,193200.0,22500.0,10.4,1435.85,23373142.77,909.08,106.96,766589843.0,421494.0,1819.0
Napa County,County,2013.0,72500.0,67400.0,5100.0,7.0,871.43,16106155.0,908.06,68.42,269215022.0,138383.0,1945.0
Nevada County,County,2013.0,47990.0,44060.0,3940.0,8.2,387.83,5999495.13,773.72,48.69,134354023.0,97019.0,1385.0
Orange County,County,2013.0,1559500.0,1455300.0,104200.0,6.7,7114.84,156889353.06,1090.28,507.51,3325199979.0,3081804.0,1079.0
Placer County,County,2013.0,175200.0,161500.0,13700.0,7.8,1232.0,23327919.67,915.6,100.9,501891180.0,357463.0,1404.0
Plumas County,County,2013.0,8230.0,7080.0,1150.0,14.0,179.09,2645945.55,619.13,25.34,46266389.0,19643.0,2355.0
Riverside County,County,2013.0,993000.0,893500.0,99600.0,10.0,3243.91,50125242.13,838.82,286.46,3216241149.0,2255059.0,1426.0
Sacramento County,County,2013.0,677800.0,616900.0,60900.0,9.0,3657.76,78476413.95,976.67,311.29,2487137490.0,1445806.0,1720.0
San Benito County,County,2013.0,28800.0,25600.0,3200.0,11.2,339.52,4973282.75,711.78,36.4,66663570.0,56669.0,1176.0
San Bernardino County,County,2013.0,893600.0,805200.0,88400.0,9.9,3355.67,54969673.69,839.86,266.94,3138089371.0,2076274.0,1511.0
San Diego County,County,2013.0,1537600.0,1415600.0,122000.0,7.9,6352.27,138446257.38,1027.58,477.24,3692791845.0,3150178.0,1172.0
San Francisco County,County,2013.0,514200.0,485800.0,28400.0,5.5,3959.94,134732692.59,1418.65,378.29,2420077983.4,1307601.78,4678.16
San Joaquin County,County,2013.0,312100.0,273300.0,38900.0,12.5,1601.62,25748914.61,825.71,126.74,1062426193.0,698414.0,1521.0
San Luis Obispo County,County,2013.0,137700.0,128200.0,9500.0,6.9,927.62,14574303.27,802.75,83.99,400203023.0,272177.0,1470.0
San Mateo County,County,2013.0,416400.0,394200.0,22200.0,5.3,2519.18,104292907.88,1353.23,176.94,1183291107.0,735678.0,1608.0
Santa Barbara County,County,2013.0,216500.0,200700.0,15800.0,7.3,1318.9,24084244.04,954.01,107.93,718489242.0,429200.0,1674.0
Santa Clara County,County,2013.0,968200.0,904700.0,63400.0,6.6,5640.64,223533732.8,1302.23,378.98,3561844088.0,1842254.0,1933.0
Santa Cruz County,County,2013.0,141600.0,126900.0,14700.0,10.4,865.13,14899182.9,878.97,88.25,421055100.0,266662.0,1579.0
Shasta County,County,2013.0,75000.0,66100.0,9000.0,12.0,636.87,9262774.27,760.78,73.07,271604224.0,178601.0,1521.0
Sierra County,County,2013.0,1450.0,1260.0,190.0,12.9,67.66,998932.19,707.96,13.06,17923693.0,3166.0,5661.0
Siskiyou County,County,2013.0,18240.0,15810.0,2430.0,13.3,264.54,3528857.05,648.83,35.52,83808673.0,44796.0,1871.0
Solano County,County,2013.0,202300.0,183800.0,18600.0,9.2,1021.78,20306552.63,871.91,84.97,559204862.0,418387.0,1337.0
Sonoma County,County,2013.0,249000.0,231100.0,17900.0,7.2,1313.03,23623027.52,947.33,135.62,764095824.0,490423.0,1558.0
Stanislaus County,County,2013.0,240300.0,208800.0,31500.0,13.1,1431.14,22604110.98,793.57,123.59,725311131.0,524124.0,1384.0
Sutter County,County,2013.0,44700.0,38100.0,6600.0,14.8,497.17,7072986.04,736.01,54.15,141951660.0,95851.0,1481.0
Tehama County,County,2013.0,25010.0,22070.0,2940.0,11.8,323.74,4526442.38,628.46,37.54,106744031.0,63772.0,1674.0
Trinity County,County,2013.0,5180.0,4550.0,630.0,12.1,125.09,1618853.56,604.3,19.17,42461859.0,13443.0,3159.0
Tulare County,County,2013.0,200500.0,171300.0,29100.0,14.5,1429.15,18927339.45,715.57,90.48,664827265.0,455599.0,1459.0
Tuolumne County,County,2013.0,21680.0,19310.0,2360.0,10.9,317.08,4607443.0,741.49,33.45,100218868.0,54360.0,1844.0
Ventura County,County,2013.0,432300.0,397900.0,34500.0,8.0,2048.95,40250736.07,996.33,160.33,1346060942.0,835436.0,1611.0
Yolo County,County,2013.0,101500.0,92200.0,9300.0,9.1,817.27,14577756.52,871.2,65.15,272683620.0,205999.0,1324.0
Yuba County,County,2013.0,28200.0,24400.0,3800.0,13.3,298.23,4725002.74,628.92,31.94,120753999.0,73439.0,1644.0
California,State,2014.0,18676700.0,17264500.0,1412200.0,7.6,51853.79,1224635098.51,1156.77,4403.1,61998473789.0,37503454.0,124261.0
Alameda County,County,2014.0,806300.0,758800.0,47500.0,5.9,3937.79,103101197.14,1204.07,328.39,2405508090.0,1573254.0,1529.0
Alpine County,County,2014.0,510.0,470.0,40.0,8.3,61.44,1519803.8,923.33,11.45,18593470.0,1079.0,17232.0
Amador County,County,2014.0,14320.0,13120.0,1200.0,8.4,280.98,4516743.81,735.11,29.64,62404951.0,36151.0,1726.0
Butte County,County,2014.0,101100.0,92200.0,8800.0,8.7,762.25,10855503.62,753.78,85.9,329455634.0,222316.0,1482.0
Calaveras County,County,2014.0,20210.0,18570.0,1640.0,8.1,196.37,2586710.89,674.47,33.24,83653600.0,44650.0,1874.0
Colusa County,County,2014.0,11080.0,9130.0,1950.0,17.6,303.59,4779922.87,761.06,29.14,56162747.0,21660.0,2593.0
Contra Costa County,County,2014.0,538500.0,504800.0,33600.0,6.2,2401.68,59012209.43,1150.89,216.63,2260176890.0,1087008.0,2079.0
Del Norte County,County,2014.0,9920.0,8900.0,1010.0,10.2,267.78,3688950.47,651.58,29.05,62894734.0,28131.0,2236.0
El Dorado County,County,2014.0,87700.0,81500.0,6200.0,7.1,587.72,10002277.06,870.17,63.44,276833206.0,182404.0,1518.0
Fresno County,County,2014.0,437600.0,386400.0,51300.0,11.7,2440.89,37964007.93,845.58,218.66,1243526163.0,964040.0,1290.0
Glenn County,County,2014.0,12780.0,11400.0,1380.0,10.8,264.86,3798146.48,737.44,34.28,64345624.0,28353.0,2269.0
Humboldt County,County,2014.0,62200.0,58000.0,4200.0,6.7,531.42,7530913.36,723.9,57.37,258159217.0,134648.0,1917.0
Imperial County,County,2014.0,78300.0,59300.0,19000.0,24.3,825.2,11517397.66,753.76,83.08,289705311.0,180672.0,1603.0
Inyo County,County,2014.0,9190.0,8560.0,630.0,6.9,234.93,3706367.16,814.49,23.16,67407283.0,18590.0,3626.0
Kern County,County,2014.0,391900.0,350600.0,41300.0,10.5,2316.42,39853090.13,843.48,129.57,1720884350.0,873092.0,1971.0
Kings County,County,2014.0,57400.0,50400.0,6900.0,12.1,674.49,9963476.53,742.9,54.32,198913637.0,150181.0,1324.0
Lake County,County,2014.0,29230.0,26580.0,2640.0,9.0,341.7,4458479.13,682.55,65.87,123347399.0,64699.0,1906.0
Lassen County,County,2014.0,10800.0,9800.0,990.0,9.2,283.73,4950627.96,715.7,20.81,56042602.0,32581.0,1720.0
Los Angeles County,County,2014.0,4982400.0,4572200.0,410200.0,8.2,17038.04,384683001.9,1150.76,1798.28,19094669651.0,10041797.0,1902.0
Madera County,County,2014.0,61700.0,54700.0,7000.0,11.3,694.93,9980420.85,698.1,57.81,190582221.0,153897.0,1238.0
Marin County,County,2014.0,138500.0,132500.0,6000.0,4.3,1011.39,24643648.63,1151.56,114.21,494031653.0,255846.0,1931.0
Mariposa County,County,2014.0,8080.0,7360.0,720.0,8.9,234.64,3071160.67,721.52,20.76,59047584.0,18467.0,3197.0
Mendocino County,County,2014.0,40300.0,37450.0,2860.0,7.1,420.57,5602106.19,701.95,59.86,177230411.0,89029.0,1991.0
Merced County,County,2014.0,114200.0,99400.0,14800.0,13.0,959.15,13552760.97,706.06,79.01,393380153.0,264922.0,1485.0
Modoc County,County,2014.0,3360.0,3010.0,350.0,10.4,139.39,1974679.02,735.95,19.49,25088152.0,9197.0,2728.0
Mono County,County,2014.0,8220.0,7640.0,590.0,7.1,267.45,3456938.12,791.62,24.44,51026795.0,14143.0,3608.0
Monterey County,County,2014.0,217400.0,197400.0,19900.0,9.2,1497.07,24644149.16,927.15,111.55,794065935.0,425756.0,1865.0
Napa County,County,2014.0,73300.0,69000.0,4200.0,5.7,933.19,17646711.78,961.64,73.1,307777489.0,139255.0,2210.0
Nevada County,County,2014.0,47750.0,44580.0,3170.0,6.6,399.34,6262399.62,806.69,50.36,132487296.0,97225.0,1363.0
Orange County,County,2014.0,1565400.0,1478500.0,87000.0,5.6,7143.62,162430017.52,1126.66,521.0,3444934619.0,3113991.0,1106.0
Placer County,County,2014.0,175100.0,164000.0,11100.0,6.3,1245.26,24225123.02,936.51,104.38,546793297.0,366115.0,1494.0
Plumas County,County,2014.0,8090.0,7140.0,940.0,11.7,179.72,2638565.14,652.42,26.47,48249746.0,19140.0,2521.0
Riverside County,County,2014.0,1009200.0,925500.0,83700.0,8.3,3397.5,53652173.47,866.05,302.85,3428441205.0,2279967.0,1504.0
Sacramento County,County,2014.0,677700.0,627600.0,50100.0,7.4,3686.73,80648366.16,1001.53,323.11,2575821280.0,1454406.0,1771.0
San Benito County,County,2014.0,29100.0,26400.0,2700.0,9.4,335.04,5114870.65,753.5,36.06,68288887.0,57517.0,1187.0
San Bernardino County,County,2014.0,903600.0,830500.0,73200.0,8.1,3474.73,57766516.11,861.83,280.33,3362581745.0,2085669.0,1612.0
San Diego County,County,2014.0,1537500.0,1437400.0,100100.0,6.5,6484.87,145675723.82,1061.09,490.38,3879085789.0,3194362.0,1214.0
San Francisco County,County,2014.0,527300.0,504000.0,23300.0,4.4,4120.9,152496915.9,1501.24,360.56,2420077983.4,1307601.78,4678.16
San Joaquin County,County,2014.0,311500.0,278300.0,33200.0,10.7,1656.12,27129434.42,838.04,131.3,1096954694.0,710731.0,1543.0
San Luis Obispo County,County,2014.0,139900.0,132000.0,7900.0,5.6,954.26,15433949.17,830.14,87.44,424808645.0,272357.0,1560.0
San Mateo County,County,2014.0,425900.0,407700.0,18200.0,4.3,2623.34,106893968.84,1395.71,186.18,1311459035.0,745193.0,1760.0
Santa Barbara County,County,2014.0,217300.0,203900.0,13400.0,6.2,1375.02,25704143.8,978.66,112.71,697619188.0,433398.0,1610.0
Santa Clara County,County,2014.0,987600.0,936100.0,51500.0,5.2,5720.77,242274372.27,1350.86,389.39,3950036970.0,1868558.0,2114.0
Santa Cruz County,County,2014.0,142000.0,129500.0,12600.0,8.9,866.86,14844297.13,903.35,89.44,422250736.0,271595.0,1555.0
Shasta County,County,2014.0,74700.0,67500.0,7300.0,9.7,659.17,9863280.25,788.49,74.86,267516878.0,179412.0,1491.0
Sierra County,County,2014.0,1410.0,1270.0,140.0,10.2,60.99,962523.51,707.94,12.07,17760529.0,3089.0,5750.0
Siskiyou County,County,2014.0,17980.0,15960.0,2020.0,11.2,272.3,3748270.12,669.0,36.7,91125631.0,45231.0,2015.0
Solano County,County,2014.0,202400.0,187000.0,15400.0,7.6,1040.69,21213017.21,907.81,89.28,591840280.0,424233.0,1395.0
Sonoma County,County,2014.0,255600.0,241000.0,14500.0,5.7,1376.62,25351604.34,962.87,141.69,826349082.0,490486.0,1685.0
Stanislaus County,County,2014.0,240200.0,213100.0,27100.0,11.3,1449.43,23382086.74,806.83,126.73,762210478.0,526042.0,1449.0
Sutter County,County,2014.0,44200.0,38600.0,5700.0,12.8,495.73,7298777.51,761.25,55.68,133937280.0,95733.0,1399.0
Tehama County,County,2014.0,25040.0,22600.0,2440.0,9.7,348.94,5051332.59,666.97,40.5,112102049.0,63717.0,1759.0
Trinity County,County,2014.0,5160.0,4670.0,490.0,9.6,129.71,1701080.64,604.86,21.35,45373860.0,13389.0,3389.0
Tulare County,County,2014.0,197900.0,171600.0,26300.0,13.3,1403.01,19285327.04,753.28,91.19,685713250.0,459446.0,1492.0
Tuolumne County,County,2014.0,21540.0,19650.0,1890.0,8.8,333.05,5001161.25,757.59,35.4,99328679.0,53604.0,1853.0
Ventura County,County,2014.0,429200.0,400300.0,28900.0,6.7,2035.82,41053241.31,1015.32,164.0,1428780799.0,842967.0,1695.0
Yolo County,County,2014.0,102000.0,94300.0,7800.0,7.6,849.27,15452889.89,895.04,68.36,258533142.0,206381.0,1253.0
Yuba County,County,2014.0,27900.0,24700.0,3200.0,11.3,314.05,5375593.62,633.82,33.13,123173768.0,73682.0,1672.0
California,State,2015.0,18824100.0,17647400.0,1176700.0,6.3,52912.18,1305234689.42,1203.21,4478.63,64155635731.0,37869123.0,121820.0
Alameda County,County,2015.0,819000.0,779900.0,39100.0,4.8,4083.7,111971860.46,1253.77,336.34,2462509900.0,1594569.0,1544.0
Alpine County,County,2015.0,550.0,510.0,40.0,7.3,56.22,885572.89,822.44,11.01,14479421.0,1121.0,12917.0
Amador County,County,2015.0,14320.0,13370.0,950.0,6.6,295.22,4821020.46,751.13,29.16,65523618.0,36312.0,1804.0
Butte County,County,2015.0,101100.0,93800.0,7300.0,7.2,811.94,12150026.97,782.53,89.85,346021855.0,224323.0,1543.0
Calaveras County,County,2015.0,20550.0,19230.0,1320.0,6.4,203.35,2803513.38,696.34,32.71,74242525.0,45668.0,1626.0
Colusa County,County,2015.0,11050.0,9340.0,1710.0,15.5,299.91,4901310.45,782.94,28.69,52097886.0,21715.0,2399.0
Contra Costa County,County,2015.0,544600.0,517000.0,27600.0,5.1,2402.33,60173287.98,1201.7,220.04,2598449579.0,1102871.0,2356.0
Del Norte County,County,2015.0,9860.0,9010.0,850.0,8.6,256.18,3795991.74,700.64,28.07,69830915.0,28031.0,2491.0
El Dorado County,County,2015.0,87900.0,82800.0,5100.0,5.7,608.27,10729031.59,868.83,65.14,304980251.0,184917.0,1649.0
Fresno County,County,2015.0,440300.0,395200.0,45100.0,10.3,2480.57,39608459.46,877.43,226.73,1310995778.0,972297.0,1348.0
Glenn County,County,2015.0,12960.0,11830.0,1140.0,8.8,272.44,4112091.76,771.79,35.09,60659342.0,28728.0,2112.0
Humboldt County,County,2015.0,62300.0,58800.0,3500.0,5.6,539.63,7851864.44,743.11,58.88,261055439.0,134398.0,1942.0
Imperial County,County,2015.0,76800.0,57900.0,18900.0,24.6,884.54,12586962.91,751.26,88.02,326775920.0,183429.0,1781.0
Inyo County,County,2015.0,9080.0,8550.0,530.0,5.8,248.71,4112068.91,782.45,24.03,62986131.0,18574.0,3391.0
Kern County,County,2015.0,390100.0,350000.0,40100.0,10.3,2304.01,40016097.81,854.88,130.94,1676595034.0,874264.0,1918.0
Kings County,County,2015.0,57700.0,51600.0,6100.0,10.6,741.72,11763989.69,781.42,55.4,224669014.0,149721.0,1501.0
Lake County,County,2015.0,29010.0,26790.0,2220.0,7.6,340.25,4609752.57,693.17,66.3,117225303.0,64918.0,1806.0
Lassen County,County,2015.0,10760.0,9980.0,780.0,7.3,275.56,4912985.44,780.2,19.22,55052791.0,32092.0,1715.0
Los Angeles County,County,2015.0,4973800.0,4641100.0,332700.0,6.7,17329.47,405788454.62,1187.31,1831.97,19690149858.0,10136559.0,1942.0
Madera County,County,2015.0,59800.0,53500.0,6300.0,10.6,685.69,10524566.79,737.59,58.99,201400987.0,155878.0,1292.0
Marin County,County,2015.0,138700.0,133700.0,5000.0,3.6,1008.64,25617237.83,1182.69,113.61,482374991.0,258972.0,1863.0
Mariposa County,County,2015.0,8010.0,7440.0,580.0,7.2,256.21,3562520.86,792.28,21.44,59030595.0,17791.0,3318.0
Mendocino County,County,2015.0,39830.0,37500.0,2330.0,5.9,420.15,5841374.78,720.09,60.25,192219913.0,88863.0,2163.0
Merced County,County,2015.0,114100.0,101000.0,13000.0,11.4,1009.54,14973911.87,728.06,83.99,412036519.0,266134.0,1548.0
Modoc County,County,2015.0,3300.0,3020.0,280.0,8.6,132.56,1930156.67,728.8,18.67,27707963.0,9399.0,2948.0
Mono County,County,2015.0,8240.0,7730.0,510.0,6.2,267.9,3511089.08,827.22,23.8,49992964.0,14695.0,3402.0
Monterey County,County,2015.0,218300.0,200500.0,17800.0,8.2,1551.91,26449864.63,951.84,114.01,866867541.0,425413.0,2038.0
Napa County,County,2015.0,73700.0,70300.0,3400.0,4.6,964.25,19226915.32,1017.67,74.78,295100960.0,140362.0,2102.0
Nevada County,County,2015.0,48010.0,45390.0,2620.0,5.5,432.79,7048982.71,805.72,52.67,135312679.0,98193.0,1378.0
Orange County,County,2015.0,1584300.0,1513100.0,71200.0,4.5,7387.62,176815944.15,1168.82,536.38,3429426065.0,3147655.0,1090.0
Placer County,County,2015.0,176300.0,167400.0,9000.0,5.1,1281.79,26079514.67,972.83,106.3,578198171.0,369454.0,1565.0
Plumas County,County,2015.0,7890.0,7080.0,820.0,10.3,191.32,2944753.03,655.57,26.41,52098609.0,19560.0,2664.0
Riverside County,County,2015.0,1033500.0,963800.0,69600.0,6.7,3573.25,60289221.77,909.8,317.97,3603227285.0,2308441.0,1561.0
Sacramento County,County,2015.0,684600.0,643300.0,41300.0,6.0,3761.09,84861096.91,1040.19,330.78,2678172643.0,1470912.0,1821.0
San Benito County,County,2015.0,29800.0,27500.0,2300.0,7.6,346.08,5623474.37,809.5,37.57,68322799.0,58344.0,1171.0
San Bernardino County,County,2015.0,919300.0,859700.0,59600.0,6.5,3673.58,62833758.94,894.82,294.03,3338298576.0,2104291.0,1586.0
San Diego County,County,2015.0,1548800.0,1467700.0,81100.0,5.2,6725.73,155284633.92,1095.75,505.69,3834554090.0,3227496.0,1188.0
San Francisco County,County,2015.0,541400.0,521600.0,19800.0,3.7,4331.35,168524337.84,1574.0,397.52,2420077983.4,1307601.78,4678.16
San Joaquin County,County,2015.0,314400.0,286300.0,28100.0,8.9,1726.84,29332892.57,876.78,131.56,1147279114.0,719511.0,1595.0
San Luis Obispo County,County,2015.0,138900.0,132300.0,6600.0,4.8,986.6,16657299.56,867.23,89.06,451228687.0,274293.0,1645.0
San Mateo County,County,2015.0,434200.0,419300.0,14900.0,3.4,2763.58,114068103.88,1424.9,195.96,1333854853.0,753123.0,1771.0
Santa Barbara County,County,2015.0,217200.0,205600.0,11600.0,5.3,1439.03,28208165.16,1025.38,115.64,763183342.0,437643.0,1744.0
Santa Clara County,County,2015.0,1012200.0,970000.0,42300.0,4.2,6010.6,274690100.09,1437.93,401.15,4368717507.0,1889638.0,2312.0
Santa Cruz County,County,2015.0,143200.0,132400.0,10800.0,7.5,914.51,16211886.91,976.8,92.51,438246671.0,271646.0,1613.0
Shasta County,County,2015.0,74100.0,68300.0,5800.0,7.8,673.26,10429142.9,819.65,75.89,269742577.0,178673.0,1510.0
Sierra County,County,2015.0,1360.0,1240.0,120.0,8.8,51.34,710340.26,621.91,11.66,16141900.0,3105.0,5199.0
Siskiyou County,County,2015.0,17880.0,16200.0,1680.0,9.4,278.27,4069055.05,727.15,36.39,84315741.0,45119.0,1869.0
Solano County,County,2015.0,204900.0,192200.0,12600.0,6.2,1066.65,22468141.37,942.97,91.16,582181636.0,429552.0,1355.0
Sonoma County,County,2015.0,257700.0,246000.0,11600.0,4.5,1404.46,27379992.82,1014.58,142.41,812134693.0,496253.0,1637.0
Stanislaus County,County,2015.0,241000.0,218000.0,23000.0,9.5,1511.01,25654084.69,857.73,130.48,796726526.0,532297.0,1497.0
Sutter County,County,2015.0,44700.0,39900.0,4800.0,10.8,530.36,8121363.87,815.81,56.82,143483508.0,95948.0,1495.0
Tehama County,County,2015.0,25020.0,23030.0,1990.0,8.0,348.34,5375409.58,720.41,39.76,114843810.0,64323.0,1785.0
Trinity County,County,2015.0,5140.0,4740.0,400.0,7.8,141.46,2027188.94,701.27,21.2,48967320.0,13571.0,3608.0
Tulare County,County,2015.0,202100.0,178500.0,23600.0,11.7,1498.49,21155229.3,765.45,94.98,675737499.0,462189.0,1462.0
Tuolumne County,County,2015.0,21530.0,20000.0,1530.0,7.1,331.86,5170697.18,780.91,34.84,116199230.0,54337.0,2138.0
Ventura County,County,2015.0,427200.0,403000.0,24300.0,5.7,2060.43,43601967.48,1064.81,167.06,1491633656.0,848073.0,1759.0
Yolo County,County,2015.0,104200.0,97400.0,6800.0,6.5,883.54,16581104.08,953.74,74.37,270406632.0,209393.0,1291.0
Yuba County,County,2015.0,27700.0,25100.0,2600.0,9.3,314.72,5452308.53,682.73,33.88,151966919.0,74076.0,2052.0
California,State,2016.0,19012000.0,17965400.0,1046600.0,5.5,53982.38,1358628311.4,1237.36,4582.93,66853549795.0,38389300.0,127734.0
Alameda County,County,2016.0,831800.0,796000.0,35800.0,4.3,4132.16,116464691.56,1294.05,335.24,2466628582.0,1627865.0,1515.0
Alpine County,County,2016.0,550.0,520.0,40.0,6.5,70.54,1047009.37,705.55,9.17,14801625.0,1166.0,12694.0
Amador County,County,2016.0,14530.0,13660.0,870.0,6.0,291.34,4829352.12,727.75,30.34,67509530.0,37707.0,1790.0
Butte County,County,2016.0,101600.0,94900.0,6700.0,6.6,851.29,12938218.34,780.15,93.34,359472359.0,224601.0,1600.0
Calaveras County,County,2016.0,20800.0,19610.0,1180.0,5.7,212.42,3084148.46,715.91,31.42,79017852.0,45207.0,1748.0
Colusa County,County,2016.0,10910.0,9210.0,1700.0,15.6,312.42,5190820.72,795.44,29.19,56754215.0,21948.0,2586.0
Contra Costa County,County,2016.0,553200.0,528400.0,24800.0,4.5,2516.13,64686787.48,1234.47,225.3,2670142484.0,1123429.0,2377.0
Del Norte County,County,2016.0,9760.0,9020.0,740.0,7.5,263.48,3991234.06,695.68,27.23,70442451.0,26811.0,2627.0
El Dorado County,County,2016.0,88800.0,84200.0,4600.0,5.2,637.64,11807138.35,910.17,65.92,312825778.0,183750.0,1702.0
Fresno County,County,2016.0,444700.0,402400.0,42400.0,9.5,2569.93,42127138.37,902.11,236.77,1385152576.0,984541.0,1407.0
Glenn County,County,2016.0,12950.0,11870.0,1080.0,8.4,248.26,3862478.01,741.01,31.83,62882626.0,28668.0,2193.0
Humboldt County,County,2016.0,62400.0,59300.0,3100.0,4.9,557.04,8259963.46,789.29,60.8,280156807.0,135116.0,2073.0
Imperial County,County,2016.0,75200.0,57000.0,18200.0,24.2,840.54,12412645.81,779.64,89.88,313348529.0,185831.0,1686.0
Inyo County,County,2016.0,8860.0,8390.0,470.0,5.3,238.75,3951527.93,749.18,23.16,67720679.0,18650.0,3631.0
Kern County,County,2016.0,388100.0,347700.0,40400.0,10.4,2317.4,40156836.08,867.0,133.24,1774234626.0,886507.0,2001.0
Kings County,County,2016.0,57200.0,51400.0,5700.0,10.0,753.6,12098306.73,793.1,60.92,243599118.0,150373.0,1620.0
Lake County,County,2016.0,29070.0,27110.0,1960.0,6.7,354.56,4922951.79,691.42,68.09,137893191.0,64306.0,2144.0
Lassen County,County,2016.0,10360.0,9640.0,720.0,7.0,282.3,5202356.56,785.98,19.33,64970857.0,30780.0,2111.0
Los Angeles County,County,2016.0,5018900.0,4751200.0,267700.0,5.3,17621.87,421171226.97,1210.1,1857.06,20242539438.0,10241335.0,1977.0
Madera County,County,2016.0,61100.0,55400.0,5700.0,9.3,692.03,11010422.78,749.85,57.39,213065514.0,155349.0,1372.0
Marin County,County,2016.0,139600.0,135000.0,4600.0,3.3,1039.43,27505417.32,1225.82,115.02,563971097.0,262274.0,2150.0
Mariposa County,County,2016.0,7570.0,7050.0,520.0,6.9,246.66,3721537.36,803.58,21.09,61480903.0,18159.0,3386.0
Mendocino County,County,2016.0,39620.0,37520.0,2100.0,5.3,423.76,6118279.15,737.4,59.79,201358450.0,88378.0,2278.0
Merced County,County,2016.0,114300.0,102200.0,12100.0,10.6,1042.26,16215035.33,736.33,88.36,424732164.0,271579.0,1564.0
Modoc County,County,2016.0,3290.0,3030.0,260.0,7.8,130.0,1956874.28,712.17,17.73,28443086.0,9638.0,2951.0
Mono County,County,2016.0,8370.0,7920.0,450.0,5.4,274.65,3807450.56,888.47,23.35,51097061.0,13721.0,3724.0
Monterey County,County,2016.0,218800.0,202000.0,16800.0,7.7,1585.38,27897718.37,983.52,116.31,935562384.0,437178.0,2140.0
Napa County,County,2016.0,72900.0,69800.0,3100.0,4.3,984.03,20177195.14,1030.42,76.03,325940289.0,142028.0,2295.0
Nevada County,County,2016.0,48150.0,45840.0,2310.0,4.8,447.26,7521225.07,826.44,53.58,146953147.0,98095.0,1498.0
Orange County,County,2016.0,1597400.0,1532700.0,64700.0,4.1,7572.32,181542210.17,1197.0,546.41,3614276100.0,3183011.0,1135.0
Placer County,County,2016.0,179600.0,171500.0,8100.0,4.5,1359.54,28297912.09,991.51,110.73,574153000.0,373796.0,1536.0
Plumas County,County,2016.0,7850.0,7080.0,770.0,9.8,199.01,3102067.2,649.63,27.47,58364016.0,19879.0,2936.0
Riverside County,County,2016.0,1051600.0,987200.0,64400.0,6.1,3780.53,63726940.71,913.1,330.64,3816617187.0,2347828.0,1626.0
Sacramento County,County,2016.0,694000.0,656400.0,37600.0,5.4,3861.5,87960733.92,1060.13,338.7,2817336666.0,1495297.0,1884.0
San Benito County,County,2016.0,30400.0,28400.0,2000.0,6.7,378.79,6462224.13,871.32,36.55,72817483.0,56648.0,1285.0
San Bernardino County,County,2016.0,930200.0,876400.0,53900.0,5.8,3719.49,65432401.43,904.95,300.63,3298516824.0,2139570.0,1542.0
San Diego County,County,2016.0,1563200.0,1489100.0,74100.0,4.7,6917.98,160315584.37,1119.47,514.11,3935577424.0,3288612.0,1197.0
San Francisco County,County,2016.0,555300.0,537000.0,18300.0,3.3,4515.25,183734709.31,1624.91,397.87,2420077983.4,1307601.78,4678.16
San Joaquin County,County,2016.0,318300.0,292400.0,25900.0,8.2,1765.0,30899620.44,916.44,131.15,1189231523.0,733383.0,1622.0
San Luis Obispo County,County,2016.0,139500.0,133400.0,6000.0,4.3,1000.82,17416759.0,874.75,89.89,512262332.0,277977.0,1843.0
San Mateo County,County,2016.0,441800.0,428300.0,13500.0,3.1,2798.21,120899277.21,1484.83,196.17,1436027669.0,766041.0,1875.0
Santa Barbara County,County,2016.0,215300.0,204300.0,10900.0,5.1,1409.06,27896815.75,1016.04,114.44,767194671.0,446717.0,1717.0
Santa Clara County,County,2016.0,1027900.0,989000.0,38900.0,3.8,6108.82,291030276.68,1466.91,405.44,4791192424.0,1927888.0,2485.0
Santa Cruz County,County,2016.0,143800.0,133700.0,10000.0,7.0,950.16,17480386.45,972.49,92.89,459520668.0,275902.0,1666.0
Shasta County,County,2016.0,74200.0,69000.0,5200.0,7.0,678.29,10803931.47,843.18,75.33,276948539.0,178592.0,1551.0
Sierra County,County,2016.0,1330.0,1230.0,100.0,7.6,59.36,884211.62,713.56,13.96,19349750.0,3203.0,6041.0
Siskiyou County,County,2016.0,17900.0,16370.0,1530.0,8.5,280.53,4241595.77,747.1,36.61,85977273.0,44739.0,1922.0
Solano County,County,2016.0,207300.0,195800.0,11400.0,5.5,1106.31,23648881.9,958.73,93.92,616816043.0,431498.0,1429.0
Sonoma County,County,2016.0,259200.0,248900.0,10300.0,4.0,1425.91,28526937.45,1036.77,141.76,870825750.0,501959.0,1735.0
Stanislaus County,County,2016.0,242700.0,221800.0,21000.0,8.6,1562.51,27188665.72,881.06,131.41,864250360.0,540214.0,1600.0
Sutter County,County,2016.0,45000.0,40600.0,4400.0,9.7,552.02,8601647.04,802.16,57.28,142086124.0,97308.0,1460.0
Tehama County,County,2016.0,25070.0,23280.0,1790.0,7.1,372.91,5815336.92,732.79,42.43,114640010.0,63934.0,1793.0
Trinity County,County,2016.0,4990.0,4640.0,350.0,7.1,140.07,2015879.53,672.84,21.27,54052261.0,13667.0,3955.0
Tulare County,County,2016.0,203300.0,180500.0,22800.0,11.2,1526.23,22736950.51,788.3,98.76,718155968.0,466339.0,1540.0
Tuolumne County,County,2016.0,21570.0,20220.0,1350.0,6.2,349.66,5519670.71,818.91,35.57,126007249.0,54900.0,2295.0
Ventura County,County,2016.0,425300.0,403100.0,22300.0,5.2,2080.06,43483872.08,1066.04,170.3,1546877379.0,856508.0,1806.0
Yolo County,County,2016.0,106100.0,99800.0,6300.0,5.9,1024.68,20783575.25,982.65,78.64,302518766.0,214555.0,1410.0
Yuba County,County,2016.0,28200.0,25700.0,2400.0,8.6,338.27,6258107.42,717.83,33.44,149258918.0,74345.0,2008.0
California,State,2017.0,19185400.0,18258100.0,927300.0,4.8,55121.57,1451600220.27,1300.71,4770.06,76349475038.0,38649385.0,142512.0
Alameda County,County,2017.0,838200.0,807100.0,31100.0,3.7,4310.83,126859854.16,1350.66,349.77,2834852878.0,1645359.0,1723.0
Alpine County,County,2017.0,550.0,510.0,30.0,6.2,79.02,1180690.08,1040.55,9.87,16806357.0,1151.0,14602.0
Amador County,County,2017.0,14690.0,13960.0,740.0,5.0,289.84,4980074.66,781.55,31.08,75321932.0,38382.0,1962.0
Butte County,County,2017.0,102000.0,96100.0,5900.0,5.8,860.33,13583503.13,805.03,95.45,402575447.0,226404.0,1778.0
Calaveras County,County,2017.0,21020.0,20010.0,1000.0,4.8,206.97,3053592.77,693.62,30.47,103545726.0,45168.0,2292.0
Colusa County,County,2017.0,10820.0,9270.0,1550.0,14.3,319.6,5430010.13,797.48,29.75,57662770.0,22043.0,2616.0
Contra Costa County,County,2017.0,557900.0,536300.0,21600.0,3.9,2575.27,68811148.01,1331.09,229.48,2942527728.0,1139513.0,2582.0
Del Norte County,County,2017.0,9700.0,9070.0,630.0,6.5,262.55,3982812.31,679.27,27.69,71648370.0,27124.0,2642.0
El Dorado County,County,2017.0,89700.0,85800.0,3900.0,4.4,659.36,12587812.7,912.67,67.63,312951842.0,185062.0,1691.0
Fresno County,County,2017.0,444500.0,406300.0,38200.0,8.6,2593.76,43951616.76,929.26,243.02,1649858000.0,995975.0,1657.0
Glenn County,County,2017.0,12800.0,11840.0,960.0,7.5,267.13,4373018.82,795.85,34.15,72240174.0,28731.0,2514.0
Humboldt County,County,2017.0,62500.0,59800.0,2600.0,4.2,559.05,8588527.83,808.38,65.58,328233619.0,136953.0,2397.0
Imperial County,County,2017.0,72000.0,57900.0,14200.0,19.7,856.75,13210942.17,775.88,87.58,439403052.0,188334.0,2333.0
Inyo County,County,2017.0,8600.0,8230.0,380.0,4.4,239.67,4004252.48,776.62,22.98,74000296.0,18619.0,3974.0
Kern County,County,2017.0,384100.0,348500.0,35600.0,9.3,2321.19,41263629.58,900.23,138.45,1798910958.0,895112.0,2010.0
Kings County,County,2017.0,57300.0,52100.0,5100.0,9.0,773.72,12727359.57,784.93,60.33,285032685.0,149537.0,1906.0
Lake County,County,2017.0,29300.0,27600.0,1700.0,5.8,363.27,5194714.57,736.24,73.34,135403377.0,64945.0,2085.0
Lassen County,County,2017.0,10030.0,9470.0,560.0,5.5,276.02,5234220.37,791.41,19.18,64362436.0,30918.0,2082.0
Los Angeles County,County,2017.0,5109800.0,4864100.0,245700.0,4.8,17858.28,448817268.7,1281.21,1940.25,23013232081.0,10241278.0,2247.0
Madera County,County,2017.0,60900.0,55900.0,5000.0,8.2,705.8,11599399.32,790.06,62.95,241879499.0,156492.0,1546.0
Marin County,County,2017.0,139600.0,135600.0,4000.0,2.9,1025.17,27276957.73,1251.23,113.58,495883135.0,263604.0,1881.0
Mariposa County,County,2017.0,7650.0,7200.0,450.0,5.9,259.06,3981688.28,794.43,21.85,71140607.0,18148.0,3920.0
Mendocino County,County,2017.0,39530.0,37740.0,1800.0,4.6,436.66,6575809.86,761.84,61.29,225523141.0,89134.0,2530.0
Merced County,County,2017.0,115200.0,104300.0,10900.0,9.4,1028.49,16405118.11,761.98,87.56,515368644.0,274665.0,1876.0
Modoc County,County,2017.0,3190.0,2930.0,260.0,8.1,122.36,1907805.38,774.4,17.12,31828795.0,9580.0,3322.0
Mono County,County,2017.0,8490.0,8110.0,380.0,4.5,294.73,4854437.27,883.44,24.38,53725144.0,13713.0,3918.0
Monterey County,County,2017.0,219500.0,203600.0,15900.0,7.2,1599.82,29238984.82,1007.17,118.61,1055209960.0,442365.0,2385.0
Napa County,County,2017.0,73200.0,70500.0,2700.0,3.7,990.01,21028334.23,1092.49,76.65,365243179.0,142408.0,2565.0
Nevada County,County,2017.0,48290.0,46290.0,2000.0,4.1,447.25,7702706.54,854.13,53.9,168951476.0,98828.0,1710.0
Orange County,County,2017.0,1605800.0,1549000.0,56800.0,3.5,7831.26,192820009.55,1227.58,579.19,4233510558.0,3194024.0,1325.0
Placer County,County,2017.0,181200.0,174200.0,7100.0,3.9,1388.1,29816494.13,1027.29,114.57,678378863.0,382837.0,1772.0
Plumas County,County,2017.0,7760.0,7070.0,690.0,8.9,200.33,3273944.85,672.85,27.81,61076248.0,19819.0,3082.0
Riverside County,County,2017.0,1070900.0,1014200.0,56600.0,5.3,3883.22,67300659.88,941.32,353.72,4517309223.0,2384783.0,1894.0
Sacramento County,County,2017.0,696500.0,663700.0,32700.0,4.7,3928.4,92307884.84,1104.89,354.58,3279358000.0,1514770.0,2165.0
San Benito County,County,2017.0,30600.0,28800.0,1800.0,5.8,375.24,6668705.46,866.72,37.76,74142895.0,56854.0,1304.0
San Bernardino County,County,2017.0,942000.0,895300.0,46800.0,5.0,3837.9,69032785.65,941.61,315.19,3881301360.0,2160256.0,1797.0
San Diego County,County,2017.0,1570800.0,1507200.0,63600.0,4.0,7155.64,170752140.89,1157.39,539.43,4272127705.0,3316192.0,1288.0
San Francisco County,County,2017.0,563000.0,546400.0,16600.0,2.9,4592.07,201325084.54,1671.81,402.95,2420077983.4,1307601.78,4678.16
San Joaquin County,County,2017.0,323000.0,300200.0,22700.0,7.0,1840.24,33028843.86,955.99,133.8,1403892107.0,746868.0,1880.0
San Luis Obispo County,County,2017.0,140300.0,135200.0,5100.0,3.6,1029.83,18477379.44,884.68,91.85,570838301.0,280101.0,2038.0
San Mateo County,County,2017.0,444900.0,432700.0,12200.0,2.7,2813.72,131506716.3,1574.24,197.1,1637306327.0,770203.0,2126.0
Santa Barbara County,County,2017.0,214900.0,205100.0,9800.0,4.6,1436.56,29490076.65,1052.19,117.26,868700233.0,450663.0,1928.0
Santa Clara County,County,2017.0,1037400.0,1003700.0,33700.0,3.2,6297.89,321664692.6,1541.19,423.14,5379607003.0,1938180.0,2776.0
Santa Cruz County,County,2017.0,142600.0,134400.0,8200.0,5.7,955.18,18307789.78,984.07,93.58,570218930.0,276603.0,2062.0
Shasta County,County,2017.0,73900.0,69600.0,4300.0,5.8,677.79,11312694.49,872.05,76.0,312998493.0,178605.0,1752.0
Sierra County,County,2017.0,1290.0,1200.0,80.0,6.6,50.26,751386.61,674.2,12.02,19234581.0,3207.0,5998.0
Siskiyou County,County,2017.0,17790.0,16480.0,1300.0,7.3,284.67,4496172.02,792.58,37.25,98099957.0,44688.0,2195.0
Solano County,County,2017.0,207900.0,198000.0,10000.0,4.8,1122.47,25076280.98,983.23,96.96,699992831.0,436023.0,1605.0
Sonoma County,County,2017.0,259800.0,250900.0,8800.0,3.4,1432.3,29550762.19,1066.46,144.77,1087066343.0,505120.0,2152.0
Stanislaus County,County,2017.0,242000.0,223700.0,18200.0,7.5,1563.54,28274790.27,889.62,133.92,1020349782.0,548057.0,1862.0
Sutter County,County,2017.0,45000.0,41000.0,3900.0,8.8,544.24,8651721.32,820.42,57.87,200521598.0,96956.0,2068.0
Tehama County,County,2017.0,25510.0,23880.0,1640.0,6.4,366.72,5934071.02,765.39,41.78,143023900.0,63995.0,2235.0
Trinity County,County,2017.0,4800.0,4500.0,300.0,6.2,121.93,1846078.19,695.17,18.72,51531891.0,13628.0,3781.0
Tulare County,County,2017.0,204500.0,183000.0,21500.0,10.5,1535.91,22556620.98,788.69,103.17,817285973.0,471842.0,1732.0
Tuolumne County,County,2017.0,21370.0,20210.0,1160.0,5.4,343.03,5721762.82,835.43,34.56,147934909.0,54707.0,2704.0
Ventura County,County,2017.0,423700.0,404500.0,19200.0,4.5,2108.88,44845816.13,1076.27,177.0,1908257778.0,857386.0,2226.0
Yolo County,County,2017.0,106600.0,101100.0,5500.0,5.1,979.06,20774045.43,1035.15,76.27,322062151.0,218896.0,1471.0
Yuba County,County,2017.0,28700.0,26600.0,2100.0,7.5,335.03,6457669.73,750.36,33.37,190023790.0,74577.0,2548.0
California,State,2018.0,19289500.0,18469900.0,819600.0,4.2,56502.53,1547577403.62,1341.52,4993.16,81393522762.0,38925730.0,151421.0
Alameda County,County,2018.0,841600.0,815800.0,25700.0,3.1,4374.33,132784770.2,1414.88,365.27,2937009130.0,1660202.0,1769.0
Alpine County,County,2018.0,550.0,520.0,30.0,4.6,101.73,1539595.21,790.37,11.58,18038469.0,1154.0,15631.0
Amador County,County,2018.0,14670.0,14070.0,600.0,4.1,303.7,5332880.71,843.5,33.38,75455001.0,38094.0,1981.0
Butte County,County,2018.0,101800.0,96700.0,5200.0,5.1,867.67,14293418.26,854.17,97.94,419566673.0,227621.0,1843.0
Calaveras County,County,2018.0,21170.0,20310.0,860.0,4.0,234.58,3592174.89,791.62,34.73,101249425.0,45157.0,2242.0
Colusa County,County,2018.0,10850.0,9410.0,1430.0,13.2,338.66,6140798.56,893.09,31.63,61793173.0,22098.0,2796.0
Contra Costa County,County,2018.0,560300.0,542300.0,18000.0,3.2,2595.41,71245976.9,1376.29,238.51,3086181054.0,1149363.0,2685.0
Del Norte County,County,2018.0,9710.0,9150.0,560.0,5.7,279.86,4345923.02,724.04,29.1,74253520.0,27221.0,2728.0
El Dorado County,County,2018.0,91000.0,87700.0,3300.0,3.6,673.06,13226621.61,988.21,70.72,337411051.0,188399.0,1791.0
Fresno County,County,2018.0,446200.0,412400.0,33800.0,7.6,2681.6,46733057.61,955.36,259.18,1783079000.0,1007229.0,1770.0
Glenn County,County,2018.0,12770.0,11930.0,840.0,6.6,290.09,4859571.91,844.86,36.49,79330565.0,28796.0,2755.0
Humboldt County,County,2018.0,62500.0,60300.0,2300.0,3.6,564.48,8827449.41,824.5,69.97,372243534.0,136002.0,2737.0
Imperial County,County,2018.0,71100.0,57800.0,13400.0,18.8,881.11,14079137.72,822.19,93.3,443023733.0,190624.0,2324.0
Inyo County,County,2018.0,8700.0,8360.0,340.0,3.9,252.14,4337661.88,876.08,24.4,76019832.0,18577.0,4092.0
Kern County,County,2018.0,385700.0,354600.0,31200.0,8.1,2355.76,43264982.8,944.89,146.61,1822485809.0,905801.0,2012.0
Kings County,County,2018.0,57500.0,53000.0,4500.0,7.9,787.07,13521148.68,812.96,63.17,289127782.0,151662.0,1906.0
Lake County,County,2018.0,29070.0,27530.0,1540.0,5.3,374.4,5685136.08,804.92,75.2,139957417.0,65081.0,2151.0
Lassen County,County,2018.0,9850.0,9380.0,470.0,4.8,267.51,5243461.69,810.08,19.18,65140191.0,30911.0,2107.0
Los Angeles County,County,2018.0,5119800.0,4882300.0,237500.0,4.6,18044.79,467732570.46,1328.6,2018.37,24519768888.0,10283729.0,2384.0
Madera County,County,2018.0,61300.0,56900.0,4400.0,7.1,740.87,12490475.97,803.17,66.86,258623578.0,158894.0,1628.0
Marin County,County,2018.0,139700.0,136300.0,3400.0,2.4,1065.04,30300034.39,1371.22,120.48,564129554.0,263886.0,2138.0
Mariposa County,County,2018.0,7650.0,7240.0,410.0,5.3,250.56,3937256.73,831.46,21.86,79050790.0,18129.0,4360.0
Mendocino County,County,2018.0,39460.0,37880.0,1580.0,4.0,447.78,6909859.34,795.87,63.17,250531915.0,89299.0,2806.0
Merced County,County,2018.0,115200.0,105500.0,9700.0,8.4,1035.28,16773557.39,786.98,89.31,561623510.0,279977.0,2006.0
Modoc County,County,2018.0,3160.0,2920.0,240.0,7.6,125.51,2010435.55,831.03,18.02,29753442.0,9612.0,3095.0
Mono County,County,2018.0,8430.0,8080.0,340.0,4.1,291.46,4262776.87,877.26,24.49,59491344.0,13822.0,4304.0
Monterey County,County,2018.0,221900.0,207700.0,14200.0,6.4,1642.55,30593625.6,1052.59,123.31,1166712228.0,443281.0,2632.0
Napa County,County,2018.0,73800.0,71600.0,2200.0,3.0,1020.64,22386408.65,1148.37,78.7,403240781.0,141294.0,2854.0
Nevada County,County,2018.0,48570.0,46860.0,1710.0,3.5,449.25,7927090.78,896.75,55.01,172492548.0,99155.0,1740.0
Orange County,County,2018.0,1616100.0,1568300.0,47900.0,3.0,8029.18,200846851.8,1272.97,612.76,4550168872.0,3221103.0,1413.0
Placer County,County,2018.0,185600.0,179700.0,5900.0,3.2,1473.0,32398360.37,1072.14,122.14,717175177.0,389532.0,1841.0
Plumas County,County,2018.0,7810.0,7220.0,590.0,7.6,219.03,3672320.63,742.76,30.24,62070112.0,19773.0,3139.0
Riverside County,County,2018.0,1090100.0,1041700.0,48400.0,4.4,4029.88,71417694.14,975.31,376.72,4620872117.0,2415955.0,1913.0
Sacramento County,County,2018.0,704200.0,676900.0,27300.0,3.9,4007.97,96236390.46,1145.62,367.07,3416111000.0,1529501.0,2233.0
San Benito County,County,2018.0,31200.0,29600.0,1600.0,5.1,384.36,7163030.89,924.75,40.29,88464740.0,57088.0,1550.0
San Bernardino County,County,2018.0,955100.0,915800.0,39200.0,4.1,3910.31,72293332.07,968.56,328.31,4209050306.0,2174938.0,1935.0
San Diego County,County,2018.0,1579800.0,1526600.0,53200.0,3.4,7288.22,179659555.82,1194.66,563.72,4756944132.0,3337456.0,1425.0
San Francisco County,County,2018.0,568700.0,555100.0,13600.0,2.4,4788.7,228622176.21,1779.47,417.89,2420077983.4,1307601.78,4678.16
San Joaquin County,County,2018.0,324100.0,304300.0,19800.0,6.1,1892.49,35182862.33,990.26,140.29,1618868336.0,758744.0,2134.0
San Luis Obispo County,County,2018.0,140100.0,135900.0,4200.0,3.0,1014.39,19009835.47,921.88,93.1,667964583.0,280101.0,2385.0
San Mateo County,County,2018.0,449000.0,438900.0,10100.0,2.2,2868.06,139608869.7,1611.38,207.06,1775636970.0,774155.0,2294.0
Santa Barbara County,County,2018.0,215200.0,206700.0,8500.0,4.0,1422.41,29851775.93,1089.75,117.4,893531605.0,453457.0,1970.0
Santa Clara County,County,2018.0,1042500.0,1015000.0,27600.0,2.6,6486.1,352163343.78,1638.16,438.52,5713709467.0,1956598.0,2920.0
Santa Cruz County,County,2018.0,141300.0,134200.0,7100.0,5.0,945.04,18707007.21,1045.96,93.47,612240727.0,276864.0,2211.0
Shasta County,County,2018.0,73900.0,70200.0,3700.0,5.0,696.46,12064753.51,929.33,79.15,339468865.0,178271.0,1904.0
Sierra County,County,2018.0,1280.0,1200.0,80.0,6.0,52.31,802336.86,713.64,13.12,21586934.0,3207.0,6731.0
Siskiyou County,County,2018.0,17360.0,16190.0,1170.0,6.8,285.8,4691496.01,853.29,38.8,103630042.0,44612.0,2323.0
Solano County,County,2018.0,209100.0,200800.0,8300.0,3.9,1186.33,27453116.41,1027.76,102.06,822622638.0,439793.0,1870.0
Sonoma County,County,2018.0,260600.0,253400.0,7200.0,2.8,1482.18,32032100.88,1110.48,150.33,1119295346.0,503332.0,2224.0
Stanislaus County,County,2018.0,243100.0,227300.0,15700.0,6.5,1592.83,29719525.35,943.11,140.3,1095383690.0,555624.0,1971.0
Sutter County,County,2018.0,44800.0,41400.0,3400.0,7.6,583.95,9415722.66,845.28,66.03,231391753.0,97238.0,2380.0
Tehama County,County,2018.0,25490.0,24020.0,1460.0,5.7,380.31,6414511.11,801.5,44.99,136347110.0,64039.0,2129.0
Trinity County,County,2018.0,4670.0,4410.0,270.0,5.7,132.72,2158416.45,809.29,21.58,57878758.0,13635.0,4245.0
Tulare County,County,2018.0,203000.0,183100.0,19900.0,9.8,1567.51,24036329.77,819.74,111.23,875641997.0,475834.0,1840.0
Tuolumne County,County,2018.0,21190.0,20200.0,990.0,4.7,341.38,5844255.27,877.34,36.53,157526458.0,54740.0,2878.0
Ventura County,County,2018.0,423100.0,406900.0,16200.0,3.8,2151.97,47353118.02,1126.83,186.1,1947536068.0,859073.0,2267.0
Yolo County,County,2018.0,107500.0,102900.0,4600.0,4.3,984.38,21899761.67,1075.18,75.2,354079829.0,221270.0,1600.0
Yuba County,County,2018.0,29200.0,27400.0,1900.0,6.4,358.29,7056782.83,815.96,34.55,181541193.0,74727.0,2429.0
California,State,2019.0,19385300.0,18589600.0,795700.0,4.1,57143.8,1629479318.2,1383.97,5129.04,89996336190.0,39043446.0,164659.0
Alameda County,County,2019.0,841500.0,816500.0,25100.0,3.0,4453.58,141191786.33,1445.34,378.13,3339008906.0,1669301.0,2000.0
Alpine County,County,2019.0,540.0,510.0,30.0,5.2,79.79,1261903.7,639.44,9.55,21924691.0,1162.0,18868.0
Amador County,County,2019.0,14810.0,14230.0,580.0,3.9,285.93,5141840.23,800.17,32.32,82387142.0,38294.0,2151.0
Butte County,County,2019.0,98000.0,92900.0,5000.0,5.1,849.19,14766550.3,904.36,97.81,449421432.0,226466.0,1984.0
Calaveras County,County,2019.0,21320.0,20500.0,820.0,3.8,234.0,3710849.88,776.58,34.72,138199329.0,45117.0,3063.0
Colusa County,County,2019.0,10970.0,9560.0,1420.0,12.9,361.26,6387289.03,848.71,33.4,62770657.0,22117.0,2838.0
Contra Costa County,County,2019.0,560000.0,542500.0,17500.0,3.1,2536.0,71160140.74,1391.53,241.91,3542107990.0,1155879.0,3064.0
Del Norte County,County,2019.0,9620.0,9060.0,560.0,5.8,266.55,4197051.87,733.52,30.06,77396633.0,27401.0,2825.0
El Dorado County,County,2019.0,92200.0,88900.0,3300.0,3.6,674.85,13541378.4,980.41,72.15,453471879.0,191848.0,2364.0
Fresno County,County,2019.0,450600.0,417600.0,32900.0,7.3,2712.02,48870134.47,988.56,265.77,1878051000.0,1018241.0,1844.0
Glenn County,County,2019.0,12990.0,12180.0,800.0,6.2,286.72,4882146.92,835.78,34.79,93915379.0,29132.0,3224.0
Humboldt County,County,2019.0,62100.0,59900.0,2300.0,3.6,551.58,8820142.39,837.95,70.97,400220086.0,135333.0,2957.0
Imperial County,County,2019.0,73500.0,58300.0,15200.0,20.7,823.3,13490392.63,819.35,92.26,443573873.0,190266.0,2331.0
Inyo County,County,2019.0,8760.0,8440.0,310.0,3.6,251.74,4433192.51,847.27,24.53,78093100.0,18593.0,4200.0
Kern County,County,2019.0,388200.0,357700.0,30400.0,7.8,2382.13,45468231.31,982.69,155.05,1844654959.0,916464.0,2013.0
Kings County,County,2019.0,57800.0,53200.0,4600.0,8.0,744.34,13343703.08,822.59,61.71,289041197.0,153710.0,1880.0
Lake County,County,2019.0,29010.0,27530.0,1490.0,5.1,361.78,5614015.19,773.42,71.86,169593043.0,65071.0,2606.0
Lassen County,County,2019.0,9720.0,9260.0,450.0,4.7,263.95,5185401.95,819.32,19.08,66208706.0,30150.0,2196.0
Los Angeles County,County,2019.0,5148600.0,4917700.0,230900.0,4.5,18233.25,488501568.6,1365.38,2074.34,28083917455.0,10253716.0,2739.0
Madera County,County,2019.0,62100.0,57800.0,4300.0,7.0,731.69,12749524.49,829.18,64.23,298185069.0,159536.0,1869.0
Marin County,County,2019.0,138600.0,135400.0,3200.0,2.3,1054.8,30516090.08,1382.91,120.52,690137856.0,262879.0,2625.0
Mariposa County,County,2019.0,7630.0,7270.0,350.0,4.6,218.88,3600611.55,809.97,20.51,86891541.0,18068.0,4809.0
Mendocino County,County,2019.0,38670.0,37120.0,1550.0,4.0,438.95,7016343.59,801.47,63.46,261959057.0,89009.0,2943.0
Merced County,County,2019.0,115800.0,106300.0,9500.0,8.2,1039.72,17595584.92,813.05,89.89,580729431.0,282928.0,2053.0
Modoc County,County,2019.0,3170.0,2950.0,230.0,7.2,125.97,2017897.84,784.86,18.32,33609521.0,9602.0,3500.0
Mono County,County,2019.0,8510.0,8190.0,320.0,3.7,272.41,4194701.28,898.37,23.78,66162053.0,13616.0,4859.0
Monterey County,County,2019.0,221200.0,207200.0,14000.0,6.3,1642.55,31504967.0,1063.24,124.73,1247060181.0,445414.0,2800.0
Napa County,County,2019.0,73200.0,71100.0,2100.0,2.9,1006.41,22849401.59,1182.17,77.84,390786557.0,140779.0,2776.0
Nevada County,County,2019.0,48410.0,46780.0,1630.0,3.4,437.75,7932352.97,900.76,54.11,192568927.0,98904.0,1947.0
Orange County,County,2019.0,1613900.0,1568400.0,45500.0,2.8,8091.4,210151265.91,1321.18,631.7,4972108200.0,3222498.0,1543.0
Placer County,County,2019.0,188700.0,182700.0,5900.0,3.1,1456.73,33356002.04,1103.8,122.78,732183711.0,396691.0,1846.0
Plumas County,County,2019.0,7880.0,7270.0,610.0,7.8,215.27,3719805.65,779.62,30.05,63793630.0,19779.0,3225.0
Riverside County,County,2019.0,1106200.0,1059500.0,46700.0,4.2,4070.06,74432217.22,989.66,388.71,4900770123.0,2440124.0,2008.0
Sacramento County,County,2019.0,710500.0,684000.0,26400.0,3.7,4001.67,100061269.08,1180.07,373.62,3529448000.0,1546174.0,2283.0
San Benito County,County,2019.0,32300.0,30700.0,1600.0,5.0,371.41,7290246.91,949.34,38.21,106134564.0,62296.0,1704.0
San Bernardino County,County,2019.0,965400.0,928100.0,37400.0,3.9,3997.2,77161457.9,1000.01,340.21,4733902714.0,2192203.0,2159.0
San Diego County,County,2019.0,1580800.0,1529400.0,51400.0,3.3,7304.7,186647515.98,1235.1,575.38,5030257683.0,3351786.0,1501.0
San Francisco County,County,2019.0,579900.0,567000.0,12900.0,2.2,4956.88,257904947.91,1888.87,429.25,2420077983.4,1307601.78,4678.16
San Joaquin County,County,2019.0,326600.0,307100.0,19500.0,6.0,1882.47,36175809.73,1006.48,141.46,1713072291.0,770385.0,2224.0
San Luis Obispo County,County,2019.0,139700.0,135600.0,4100.0,2.9,1007.67,19704784.57,955.44,93.53,660037479.0,280393.0,2354.0
San Mateo County,County,2019.0,456600.0,447100.0,9500.0,2.1,2950.27,144545472.71,1683.29,216.44,1988258994.0,774485.0,2567.0
Santa Barbara County,County,2019.0,222400.0,214300.0,8100.0,3.6,1433.96,31440570.8,1116.52,116.75,1039577506.0,454593.0,2287.0
Santa Clara County,County,2019.0,1048800.0,1022300.0,26400.0,2.5,6615.37,369966063.23,1666.01,447.84,6552829345.0,1954286.0,3353.0
Santa Cruz County,County,2019.0,141200.0,134200.0,7000.0,4.9,947.26,20583929.08,1077.68,94.77,657637176.0,274871.0,2393.0
Shasta County,County,2019.0,72900.0,69300.0,3500.0,4.8,674.85,12108491.67,929.39,77.88,358445813.0,178773.0,2005.0
Sierra County,County,2019.0,1330.0,1260.0,70.0,5.4,54.45,785640.74,679.31,12.85,19527763.0,3213.0,6078.0
Siskiyou County,County,2019.0,17160.0,16040.0,1120.0,6.5,285.28,4713146.26,821.55,38.83,113480236.0,44584.0,2545.0
Solano County,County,2019.0,208100.0,200200.0,7900.0,3.8,1198.08,29414862.51,1075.01,103.72,754233944.0,441307.0,1709.0
Sonoma County,County,2019.0,257200.0,250200.0,7000.0,2.7,1488.57,33834132.7,1154.77,152.46,1156054776.0,500675.0,2309.0
Stanislaus County,County,2019.0,242500.0,227700.0,14800.0,6.1,1590.0,30739655.93,956.31,141.66,1142654541.0,558972.0,2044.0
Sutter County,County,2019.0,45500.0,42100.0,3400.0,7.4,596.44,9866817.23,841.43,68.72,234812286.0,97490.0,2409.0
Tehama County,County,2019.0,25560.0,24110.0,1450.0,5.7,371.09,6449431.57,783.3,47.49,143427561.0,64387.0,2228.0
Trinity County,County,2019.0,4640.0,4390.0,260.0,5.5,131.79,2041408.57,777.83,23.4,57953648.0,13688.0,4234.0
Tulare County,County,2019.0,202100.0,182400.0,19800.0,9.8,1517.17,24412649.37,851.64,114.92,914042557.0,479112.0,1908.0
Tuolumne County,County,2019.0,20940.0,19980.0,960.0,4.6,340.86,6030691.57,888.95,36.91,183283258.0,54590.0,3357.0
Ventura County,County,2019.0,421500.0,406200.0,15400.0,3.6,2155.79,49681572.17,1172.15,187.66,2252460149.0,856598.0,2630.0
Yolo County,County,2019.0,108000.0,103500.0,4500.0,4.2,1013.11,23107258.05,1080.65,78.99,429071702.0,222581.0,1928.0
Yuba County,County,2019.0,29700.0,27900.0,1800.0,6.2,355.27,7233660.94,792.75,33.7,194828890.0,77916.0,2500.0
California,State,2020.0,18958600.0,17037000.0,1921600.0,10.1,53241.67,1688088693.09,1483.92,5255.86,96848233962.0,38885064.0,177825.0
Alameda County,County,2020.0,818100.0,745100.0,73000.0,8.9,4147.03,145016660.81,1522.77,387.39,3554360577.0,1670834.0,2127.0
Alpine County,County,2020.0,510.0,450.0,60.0,11.7,64.14,1188491.32,763.98,8.74,25003688.0,1142.0,21895.0
Amador County,County,2020.0,14470.0,13120.0,1360.0,9.4,283.11,5595821.38,887.49,33.69,93869535.0,37676.0,2491.0
Butte County,County,2020.0,93200.0,84500.0,8700.0,9.4,782.36,14779603.9,950.12,96.26,458426158.0,210291.0,2180.0
Calaveras County,County,2020.0,21350.0,19690.0,1670.0,7.8,220.53,3867851.84,828.25,34.38,119563520.0,45023.0,2656.0
Colusa County,County,2020.0,10620.0,8880.0,1750.0,16.4,319.83,6331390.56,909.79,32.14,62213999.0,21902.0,2841.0
Contra Costa County,County,2020.0,546300.0,497200.0,49100.0,9.0,2347.4,72313087.77,1480.43,250.42,3686425494.0,1153561.0,3196.0
Del Norte County,County,2020.0,9430.0,8520.0,910.0,9.7,249.81,4318107.34,773.12,30.8,80567910.0,27298.0,2951.0
El Dorado County,County,2020.0,90900.0,83200.0,7700.0,8.5,612.28,13698931.83,1067.2,72.29,452579084.0,193227.0,2342.0
Fresno County,County,2020.0,445600.0,393800.0,51900.0,11.6,2559.04,49880444.75,1042.33,269.57,2027046000.0,1023358.0,1981.0
Glenn County,County,2020.0,12760.0,11610.0,1150.0,9.0,274.52,5143054.13,926.7,33.89,101525295.0,29400.0,3453.0
Humboldt County,County,2020.0,59800.0,54700.0,5100.0,8.5,513.06,9207337.19,920.71,73.76,0.0,133302.0,0.0
Imperial County,County,2020.0,71500.0,55400.0,16200.0,22.6,803.9,14671997.04,901.51,102.43,454294433.0,188777.0,2407.0
Inyo County,County,2020.0,8320.0,7660.0,660.0,8.0,228.96,4477564.44,895.66,25.08,85698339.0,18584.0,4611.0
Kern County,County,2020.0,386300.0,336800.0,49500.0,12.8,2269.23,46657748.59,1038.57,163.14,2030108956.0,917553.0,2213.0
Kings County,County,2020.0,57000.0,50300.0,6800.0,11.8,750.01,14747938.0,920.5,67.64,312684819.0,153608.0,2036.0
Lake County,County,2020.0,28460.0,25680.0,2780.0,9.8,341.9,5807313.98,840.23,70.74,165129158.0,64040.0,2579.0
Lassen County,County,2020.0,9410.0,8720.0,690.0,7.4,257.11,5641580.23,847.46,19.72,75598347.0,28833.0,2622.0
Los Angeles County,County,2020.0,4974700.0,4363300.0,611300.0,12.3,16597.7,482744595.13,1452.2,2112.41,29665296843.0,10172951.0,2916.0
Madera County,County,2020.0,61900.0,55100.0,6900.0,11.1,730.61,14059973.48,897.87,67.46,394482798.0,158147.0,2494.0
Marin County,County,2020.0,130600.0,121800.0,8900.0,6.8,974.49,32219666.58,1505.38,126.46,724036611.0,260831.0,2776.0
Mariposa County,County,2020.0,7200.0,6400.0,800.0,11.1,203.42,3482525.21,885.82,23.03,90940915.0,18067.0,5034.0
Mendocino County,County,2020.0,37160.0,33790.0,3370.0,9.1,427.89,7903958.1,900.56,64.81,280215500.0,87946.0,3186.0
Merced County,County,2020.0,115500.0,101000.0,14500.0,12.5,1013.83,18435874.85,887.82,93.86,616271020.0,283521.0,2174.0
Modoc County,County,2020.0,3180.0,2900.0,280.0,8.8,126.54,2194132.11,891.79,18.46,36154517.0,9570.0,3778.0
Mono County,County,2020.0,7880.0,6930.0,950.0,12.1,225.34,3829828.04,956.61,24.61,85126628.0,13464.0,6323.0
Monterey County,County,2020.0,214200.0,190300.0,23900.0,11.1,1538.5,31447419.0,1133.4,127.03,1284176785.0,441143.0,2911.0
Napa County,County,2020.0,68900.0,62700.0,6200.0,8.9,904.71,22129210.16,1234.39,80.12,426092391.0,139088.0,3063.0
Nevada County,County,2020.0,46780.0,42980.0,3800.0,8.1,403.32,8143249.56,983.55,55.69,219757698.0,98114.0,2240.0
Orange County,County,2020.0,1563800.0,1424300.0,139500.0,8.9,7299.18,208922087.66,1395.2,641.0,5145135700.0,3194332.0,1611.0
Placer County,County,2020.0,187000.0,173100.0,13900.0,7.4,1377.49,35205408.87,1170.27,127.64,848532528.0,403711.0,2102.0
Plumas County,County,2020.0,7630.0,6790.0,840.0,11.0,209.99,3942937.73,848.65,32.49,67049166.0,18260.0,3672.0
Riverside County,County,2020.0,1118900.0,1006200.0,112700.0,10.1,3887.0,77498935.18,1062.32,405.89,6194738173.0,2442304.0,2536.0
Sacramento County,County,2020.0,710800.0,643600.0,67200.0,9.4,3836.39,103686865.53,1264.73,387.38,3729073717.0,1555365.0,2398.0
San Benito County,County,2020.0,32500.0,29300.0,3200.0,9.9,354.35,7099752.94,1011.37,40.14,111357150.0,62353.0,1786.0
San Bernardino County,County,2020.0,972800.0,879300.0,93500.0,9.6,3933.01,82155016.86,1062.74,356.65,5120037434.0,2180537.0,2348.0
San Diego County,County,2020.0,1544300.0,1399300.0,145000.0,9.4,6724.64,192478086.87,1315.52,590.23,5635225070.0,3343355.0,1686.0
San Francisco County,County,2020.0,559000.0,514700.0,44300.0,7.9,4441.74,273640715.66,2095.96,430.2,2420077983.4,1307601.78,4678.16
San Joaquin County,County,2020.0,334800.0,296300.0,38400.0,11.5,1863.38,39224748.96,1064.92,145.52,1793082214.0,773632.0,2318.0
San Luis Obispo County,County,2020.0,134200.0,123700.0,10500.0,7.8,929.25,19803017.96,1030.42,95.67,711205642.0,277259.0,2565.0
San Mateo County,County,2020.0,438600.0,408300.0,30300.0,6.9,2741.08,160968839.48,1817.61,220.16,2151733853.0,773244.0,2783.0
Santa Barbara County,County,2020.0,218500.0,200700.0,17800.0,8.1,1441.83,33400551.16,1182.22,120.42,1073139218.0,451840.0,2375.0
Santa Clara County,County,2020.0,1023700.0,950800.0,72900.0,7.1,6169.88,404807648.2,1805.82,454.37,7450516719.0,1961969.0,3797.0
Santa Cruz County,County,2020.0,134800.0,121800.0,13100.0,9.7,872.2,20321142.22,1143.98,97.26,731115053.0,271233.0,2696.0
Shasta County,County,2020.0,73300.0,66700.0,6500.0,8.9,645.75,12602047.77,1012.77,81.03,377619981.0,178045.0,2121.0
Sierra County,County,2020.0,1290.0,1180.0,110.0,8.3,46.04,753176.33,724.62,11.77,24478377.0,3201.0,7647.0
Siskiyou County,County,2020.0,16970.0,15270.0,1700.0,10.0,270.37,4939406.79,884.48,38.38,112845888.0,44461.0,2538.0
Solano County,County,2020.0,201800.0,182100.0,19700.0,9.7,1114.45,29486897.25,1146.73,105.21,780313088.0,440224.0,1773.0
Sonoma County,County,2020.0,245700.0,226000.0,19700.0,8.0,1367.93,34357550.52,1242.71,152.49,1166181932.0,492980.0,2366.0
Stanislaus County,County,2020.0,242000.0,215500.0,26500.0,11.0,1496.95,31393786.01,1008.78,142.1,1370861708.0,557709.0,2458.0
Sutter County,County,2020.0,45500.0,40300.0,5200.0,11.4,554.76,10015233.27,936.28,69.24,216073972.0,100750.0,2145.0
Tehama County,County,2020.0,25670.0,23340.0,2330.0,9.1,381.78,7228692.69,879.14,51.09,153494265.0,65129.0,2357.0
Trinity County,County,2020.0,4540.0,4170.0,370.0,8.2,123.26,2177706.85,815.45,22.65,73552936.0,13548.0,5429.0
Tulare County,County,2020.0,202500.0,175200.0,27200.0,13.4,1489.93,26019358.56,918.34,122.38,960101337.0,479977.0,2000.0
Tuolumne County,County,2020.0,20180.0,18040.0,2140.0,10.6,312.0,6027707.11,949.61,37.26,175930052.0,54917.0,3204.0
Ventura County,County,2020.0,410100.0,374300.0,35800.0,8.7,2028.24,51217048.69,1230.89,190.91,2390613919.0,842886.0,2836.0
Yolo County,County,2020.0,104800.0,96700.0,8100.0,7.8,972.79,23960445.93,1165.6,81.72,462124660.0,221705.0,2084.0
Yuba County,County,2020.0,30700.0,27400.0,3300.0,10.6,357.46,7823864.44,882.23,34.84,214453192.0,78887.0,2718.0
California,State,2021.0,18956600.0,17568700.0,1387800.0,7.3,55050.78,1882285119.61,1591.88,5349.18,104706000000.0,38451431.0,179693.0
Alameda County,County,2021.0,811200.0,761800.0,49400.0,6.1,4267.15,155376281.73,1602.67,389.88,4788857663.0,1662370.0,2881.0
Alpine County,County,2021.0,510.0,470.0,40.0,8.2,74.91,1369804.23,572.66,9.37,20302313.0,1195.0,16989.0
Amador County,County,2021.0,14370.0,13360.0,1000.0,7.0,290.49,6057184.7,945.63,33.63,99390041.0,40287.0,2467.0
Butte County,County,2021.0,92000.0,85700.0,6300.0,6.9,790.42,15640196.67,1003.67,93.86,511083710.0,206640.0,2473.0
Calaveras County,County,2021.0,21560.0,20310.0,1250.0,5.8,226.32,4058077.43,856.39,34.92,125096675.0,45250.0,2765.0
Colusa County,County,2021.0,10650.0,9310.0,1340.0,12.5,340.94,6838471.72,913.21,33.43,71086236.0,21773.0,3265.0
Contra Costa County,County,2021.0,542800.0,508200.0,34600.0,6.4,2401.96,76341581.93,1539.07,253.99,4119717910.0,1161324.0,3547.0
Del Norte County,County,2021.0,9330.0,8620.0,710.0,7.6,249.37,4560821.39,840.28,29.75,87579546.0,27593.0,3174.0
El Dorado County,County,2021.0,91700.0,86400.0,5300.0,5.8,637.3,14602013.89,1110.77,73.73,447024720.0,191054.0,2340.0
Fresno County,County,2021.0,443500.0,403000.0,40500.0,9.1,2647.72,54565986.22,1103.47,274.01,2228506619.0,1009231.0,2208.0
Glenn County,County,2021.0,12600.0,11720.0,890.0,7.0,272.01,5323362.75,933.48,33.63,102989903.0,28788.0,3578.0
Humboldt County,County,2021.0,58800.0,55100.0,3700.0,6.3,524.6,9952637.16,980.85,74.66,0.0,133302.0,0.0
Imperial County,County,2021.0,68900.0,56800.0,12000.0,17.5,861.64,16250685.21,957.58,108.35,477678847.0,179488.0,2661.0
Inyo County,County,2021.0,8240.0,7750.0,490.0,5.9,229.32,4644649.76,927.33,24.73,91418869.0,18982.0,4816.0
Kern County,County,2021.0,385000.0,346800.0,38200.0,9.9,2371.74,50101083.38,1101.11,172.02,2078918057.0,907324.0,2291.0
Kings County,County,2021.0,55300.0,50000.0,5400.0,9.7,732.86,14490861.0,948.48,68.29,330476854.0,151059.0,2188.0
Lake County,County,2021.0,28380.0,26220.0,2170.0,7.6,350.42,6263651.23,864.38,70.36,179721526.0,67651.0,2657.0
Lassen County,County,2021.0,9140.0,8580.0,560.0,6.1,267.81,6065608.02,943.09,20.39,74364622.0,31132.0,2389.0
Los Angeles County,County,2021.0,5007600.0,4558900.0,448700.0,9.0,17147.79,529276196.68,1536.07,2145.83,31948687234.0,9931338.0,3217.0
Madera County,County,2021.0,62100.0,56600.0,5500.0,8.8,746.34,14825344.46,958.69,67.11,348226135.0,156385.0,2227.0
Marin County,County,2021.0,129200.0,123300.0,5900.0,4.5,962.81,33625008.12,1657.62,121.73,802539689.0,259512.0,3092.0
Mariposa County,County,2021.0,7040.0,6480.0,560.0,7.9,215.47,3917934.16,847.22,23.56,91827556.0,17066.0,5381.0
Mendocino County,County,2021.0,36740.0,34430.0,2310.0,6.3,436.59,8291208.16,951.45,62.75,319891957.0,90669.0,3528.0
Merced County,County,2021.0,115000.0,103100.0,11900.0,10.3,1033.13,19549964.81,921.85,94.74,670551110.0,281874.0,2379.0
Modoc County,County,2021.0,3190.0,2960.0,230.0,7.2,126.58,2289138.35,882.93,18.15,34113524.0,8606.0,3964.0
Mono County,County,2021.0,8290.0,7720.0,570.0,6.8,263.67,4627697.71,994.89,25.52,68042229.0,13299.0,5116.0
Monterey County,County,2021.0,211800.0,194200.0,17500.0,8.3,1584.82,33805082.34,1167.55,128.06,1352346165.0,435721.0,3104.0
Napa County,County,2021.0,68400.0,64300.0,4200.0,6.1,895.77,23483653.77,1313.86,77.48,434773819.0,137518.0,3162.0
Nevada County,County,2021.0,47260.0,44590.0,2670.0,5.7,417.19,8928518.46,1045.15,56.56,222366927.0,101919.0,2182.0
Orange County,County,2021.0,1557200.0,1464100.0,93100.0,6.0,7540.28,226830476.75,1481.48,658.04,5785486386.0,3169542.0,1825.0
Placer County,County,2021.0,189200.0,179600.0,9600.0,5.1,1465.69,39377185.45,1258.37,130.17,866840602.0,407517.0,2127.0
Plumas County,County,2021.0,7460.0,6760.0,700.0,9.4,205.29,4094931.16,882.77,31.77,69482558.0,19574.0,3550.0
Riverside County,County,2021.0,1130500.0,1047700.0,82800.0,7.3,4109.69,86492948.54,1131.76,416.37,5842413291.0,2424587.0,2410.0
Sacramento County,County,2021.0,718100.0,668400.0,49800.0,6.9,3908.0,110292453.76,1323.09,391.16,3905768915.0,1580624.0,2471.0
San Benito County,County,2021.0,31800.0,29400.0,2300.0,7.3,384.65,8076340.0,1062.65,41.59,132352718.0,64769.0,2043.0
San Bernardino County,County,2021.0,990000.0,916600.0,73500.0,7.4,4138.62,90679568.18,1136.13,368.3,5281337411.0,2182343.0,2420.0
San Diego County,County,2021.0,1544400.0,1444300.0,100100.0,6.5,6929.03,209093558.32,1397.0,594.53,6408547170.0,3288503.0,1949.0
San Francisco County,County,2021.0,547400.0,519600.0,27800.0,5.1,4432.6,330434440.86,2325.76,426.64,2420077983.4,1307601.78,4678.16
San Joaquin County,County,2021.0,336100.0,307300.0,28900.0,8.6,1936.15,42935767.96,1119.53,148.7,1901117609.0,782372.0,2430.0
San Luis Obispo County,County,2021.0,135100.0,127900.0,7200.0,5.3,963.27,21225515.71,1084.06,95.69,721409084.0,279710.0,2579.0
San Mateo County,County,2021.0,432400.0,412400.0,20000.0,4.6,2799.09,190564071.62,1992.69,216.34,2433618289.0,751596.0,3238.0
Santa Barbara County,County,2021.0,219400.0,206700.0,12700.0,5.8,1508.16,37238013.97,1254.21,122.32,1159950548.0,443674.0,2614.0
Santa Clara County,County,2021.0,1010100.0,961600.0,48500.0,4.8,6305.73,470680099.8,1960.88,460.87,8274514659.0,1907693.0,4337.0
Santa Cruz County,County,2021.0,132800.0,123600.0,9200.0,6.9,893.87,21449357.99,1218.3,97.84,833230708.0,266553.0,3126.0
Shasta County,County,2021.0,72800.0,67800.0,5000.0,6.9,660.65,13812935.51,1061.02,83.23,416002884.0,182020.0,2285.0
Sierra County,County,2021.0,1310.0,1230.0,80.0,6.1,50.11,828322.43,720.24,12.73,25272870.0,3225.0,7837.0
Siskiyou County,County,2021.0,16670.0,15310.0,1350.0,8.1,276.6,5276805.61,1083.65,37.8,115078652.0,43931.0,2620.0
Solano County,County,2021.0,200200.0,185400.0,14900.0,7.4,1098.49,28542747.59,1185.11,104.63,832349229.0,449964.0,1850.0
Sonoma County,County,2021.0,243100.0,229700.0,13500.0,5.5,1391.28,37574732.47,1336.94,151.29,1258534224.0,484674.0,2597.0
Stanislaus County,County,2021.0,239700.0,219700.0,20000.0,8.3,1524.15,33848519.53,1070.34,141.89,1326762312.0,551737.0,2405.0
Sutter County,County,2021.0,45300.0,41200.0,4000.0,8.9,539.9,10331487.14,963.39,67.71,234061626.0,98908.0,2366.0
Tehama County,County,2021.0,25560.0,23720.0,1840.0,7.2,384.03,7848963.62,936.59,48.66,162458910.0,65374.0,2485.0
Trinity County,County,2021.0,4550.0,4260.0,290.0,6.4,129.81,2469333.38,910.81,23.17,76892083.0,16050.0,4791.0
Tulare County,County,2021.0,200800.0,179500.0,21300.0,10.6,1522.11,27881689.77,956.89,125.54,1025069158.0,474032.0,2162.0
Tuolumne County,County,2021.0,20060.0,18600.0,1460.0,7.3,334.5,6737595.9,1013.42,38.9,169852642.0,54791.0,3100.0
Ventura County,County,2021.0,406600.0,381400.0,25200.0,6.2,2047.05,53379099.75,1276.81,192.22,2624017653.0,840093.0,3123.0
Yolo County,County,2021.0,106400.0,100100.0,6300.0,5.9,1007.96,25586855.81,1192.02,81.91,470498782.0,217237.0,2166.0
Yuba County,County,2021.0,30900.0,28300.0,2600.0,8.4,376.74,8776558.58,934.18,36.44,225148992.0,81988.0,2746.0
